INSERT INTO `season` (`id`, `display_name`, `start_date`, `end_date`, `feeder_id`) VALUES
(7, '2012-2013', '2012-07-03', '2013-11-03', 2012),
(8, 'Future', '2013-11-04', '2014-05-15', 2013);

INSERT INTO `season_region` (`id`, `season_id`, `region_id`, `display_name`, `terms`) VALUES
(6, 7, 1, '2012-2013', 'You can participate in the season.'),
(7, 8, 1, '2013', '2013');

INSERT INTO `competition` (`id`, `season_id`, `feeder_id`, `display_name`, `logo_path`, `start_date`, `end_date`) VALUES
(1, 7, 8, 'English Barclays Premier League', NULL, NULL, NULL);


INSERT INTO `team` (`id`, `display_name`, `short_name`, `feeder_id`, `founded`, `logo_path`, `stadium_capacity`, `stadium_name`, `manager`) VALUES
(1, 'Arsenal', 'ARS', 3, 1886, NULL, 60361, 'Emirates Stadium', 'Arsène Wenger'),
(2, 'Aston Villa', 'AST', 7, 1874, NULL, 42788, 'Villa Park', 'Paul Lambert'),
(3, 'Chelsea', 'CHL', 8, 1905, NULL, 41837, 'Stamford Bridge', 'Rafael Benitez'),
(4, 'Everton', 'EVT', 11, 1878, NULL, 40157, 'Goodison Park', 'David Moyes'),
(5, 'Fulham', 'FUL', 54, 1879, NULL, 25700, 'Craven Cottage', 'Martin Jol'),
(6, 'Liverpool', 'LPL', 14, 1892, NULL, 45276, 'Anfield', 'Brendan Rodgers'),
(7, 'Manchester City', 'MNC', 43, 1887, NULL, 47805, 'Etihad Stadium', 'Roberto Mancini'),
(8, 'Manchester United', 'MNU', 1, 1878, NULL, 75811, 'Old Trafford', 'Alex Ferguson'),
(9, 'Newcastle United', 'NEW', 4, 1881, NULL, 52387, 'St James'' Park', 'Alan Pardew'),
(10, 'Norwich City', 'NCH', 45, 1902, NULL, 27220, 'Carrow Road', 'Chris Hughton'),
(11, 'Queens Park Rangers', 'QPR', 52, 1885, NULL, 18360, 'Loftus Road', 'Harry Redknapp'),
(12, 'Reading', 'REA', 108, 1871, NULL, 24161, 'Madejski Stadium', 'Nigel Adkins'),
(13, 'Southampton', 'STN', 20, 1885, NULL, 32690, 'The Friends Provident St Mary''s Stadium', 'Mauricio Pochettino'),
(14, 'Stoke City', 'STO', 110, 1863, NULL, 27740, 'Britannia Stadium', 'Tony Pulis'),
(15, 'Sunderland', 'SUN', 56, 1879, NULL, 49000, 'Stadium of Light', 'Paolo Di Canio'),
(16, 'Swansea City', 'SWA', 80, 1912, NULL, 20532, 'Liberty Stadium', 'Michael Laudrup'),
(17, 'Tottenham Hotspur', 'TOT', 6, 1882, NULL, 36230, 'White Hart Lane', 'Andre Villas-Boas'),
(18, 'West Bromwich Albion', 'WBA', 35, 1878, NULL, 26272, 'The Hawthorns', 'Steve Clarke'),
(19, 'West Ham United', 'WHU', 21, 1895, NULL, 35016, 'Upton Park', 'Sam Allardyce'),
(20, 'Wigan Athletic', 'WIG', 111, 1932, NULL, 25138, 'DW Stadium', 'Roberto Martinez');

INSERT INTO `team_competition` (`id`, `team_id`, `competition_id`) VALUES
(1, 1, 1),
(2, 2, 1),
(3, 3, 1),
(4, 4, 1),
(5, 5, 1),
(6, 6, 1),
(7, 7, 1),
(8, 8, 1),
(9, 9, 1),
(10, 10, 1),
(11, 11, 1),
(12, 12, 1),
(13, 13, 1),
(14, 14, 1),
(15, 15, 1),
(16, 16, 1),
(17, 17, 1),
(18, 18, 1),
(19, 19, 1),
(20, 20, 1);

INSERT INTO `league` (`id`, `display_name`, `season_id`, `is_global`, `is_private`, `region_id`, `start_date`, `end_date`, `logo_path`, `creation_date`, `creator_id`) VALUES
(7, 'Global 2012-2013', 7, 1, 0, NULL, '2012-07-03', '2013-11-03', NULL, '2013-05-15 04:11:44', 1),
(8, 'Regional 2012-2013 British Isles', 7, 0, 0, 1, '2012-07-03', '2013-11-03', NULL, '2013-05-15 04:11:44', 1),
(9, 'Global Future', 8, 1, 0, NULL, '2013-11-04', '2014-05-15', NULL, '2013-05-24 19:03:00', 1),
(10, 'Regional Future British Isles', 8, 0, 0, 1, '2013-11-04', '2014-05-15', NULL, '2013-05-24 19:03:00', 1);

-- --------------------------------------------------------

INSERT INTO `league_user` (`id`, `league_id`, `user_id`, `points`, `accuracy`, `place`, `join_date`) VALUES
(5, 7, 1, 8, 45, 1, '0000-00-00 00:00:00'),
(6, 8, 1, 8, 45, 1, '0000-00-00 00:00:00'),
(9, 9, 1, NULL, NULL, NULL, '2013-05-25 14:35:46'),
(10, 10, 1, NULL, NULL, NULL, '2013-05-25 14:35:46');

INSERT INTO `player` (`id`, `team_id`, `feeder_id`, `name`, `surname`, `display_name`, `position`, `real_position`, `real_position_side`, `shirt_number`, `weight`, `height`, `birth_date`, `join_date`, `country`, `image_path`) VALUES
(1, 1, 59936, 'Wojciech', 'Szczesny', 'Wojciech Szczesny', 'Goalkeeper', 'Goalkeeper', NULL, 1, 84, 196, NULL, NULL, 'Poland', NULL),
(2, 1, 37096, 'Lukasz', 'Fabianski', 'Lukasz Fabianski', 'Goalkeeper', 'Goalkeeper', NULL, 21, 83, 190, NULL, NULL, 'Poland', NULL),
(3, 1, 20487, 'Vito', 'Mannone', 'Vito Mannone', 'Goalkeeper', 'Goalkeeper', NULL, 24, 80, 188, NULL, NULL, 'Italy', NULL),
(4, 1, 98980, 'Damián', 'Martinez', 'Damián Martinez', 'Goalkeeper', 'Goalkeeper', NULL, 36, 89, 183, NULL, NULL, 'Argentina', NULL),
(5, 1, 77818, 'James', 'Shea', 'James Shea', 'Goalkeeper', 'Goalkeeper', NULL, 60, 76, 180, NULL, NULL, 'England', NULL),
(6, 1, 37748, 'Bacary', 'Sagna', 'Bacary Sagna', 'Defender', 'Full Back', 'Right', 3, 72, 176, NULL, NULL, 'France', NULL),
(7, 1, 17127, 'Per', 'Mertesacker', 'Per Mertesacker', 'Defender', 'Central Defender', 'Centre', 4, 90, 198, NULL, NULL, 'Germany', NULL),
(8, 1, 15943, 'Thomas', 'Vermaelen', 'Thomas Vermaelen', 'Defender', 'Central Defender', 'Left/Centre', 5, 75, 180, NULL, NULL, 'Belgium', NULL),
(9, 1, 51507, 'Laurent', 'Koscielny', 'Laurent Koscielny', 'Defender', 'Central Defender', 'Centre', 6, 75, 186, NULL, NULL, 'France', NULL),
(10, 1, 38411, 'Nacho', 'Monreal', 'Nacho Monreal', 'Defender', 'Full Back', 'Left', 17, 72, 178, NULL, NULL, 'Spain', NULL),
(11, 1, 13439, 'Sébastien', 'Squillaci', 'Sébastien Squillaci', 'Defender', 'Central Defender', 'Centre', 18, 76, 184, NULL, NULL, 'France', NULL),
(12, 1, 80254, 'Carl', 'Jenkinson', 'Carl Jenkinson', 'Defender', 'Full Back', 'Left', 25, 77, 185, NULL, NULL, 'England', NULL),
(13, 1, 42427, 'Kieran', 'Gibbs', 'Kieran Gibbs', 'Defender', 'Full Back', 'Left', 28, 70, 178, NULL, NULL, 'England', NULL),
(14, 1, 133797, 'Martin', 'Angha', 'Martin Angha', 'Defender', 'Central Defender', 'Centre', 38, 81, 187, NULL, NULL, 'Switzerland', NULL),
(15, 1, 98745, 'Hector', 'Bellerin', 'Hector Bellerin', 'Defender', 'Full Back', 'Right', 40, 74, 177, NULL, NULL, 'Spain', NULL),
(16, 1, 88496, 'Daniel', 'Boateng', 'Daniel Boateng', 'Defender', 'Central Defender', 'Centre', 42, 78, 183, NULL, NULL, 'England', NULL),
(17, 1, 111169, 'Sead', 'Hajrovic', 'Sead Hajrovic', 'Defender', 'Full Back', 'Right', 48, 76, 181, NULL, NULL, 'Switzerland', NULL),
(18, 1, 90801, 'Ignasi', 'Miquel', 'Ignasi Miquel', 'Defender', 'Central Defender', 'Centre', 54, 85, 193, NULL, NULL, 'Spain', NULL),
(19, 1, 147676, 'Elton', 'Monteiro', 'Elton Monteiro', 'Defender', 'Central Defender', 'Centre', 55, 85, 192, NULL, NULL, 'Switzerland', NULL),
(20, 1, 86364, 'Nicholas', 'Yennaris', 'Nicholas Yennaris', 'Defender', 'Full Back', 'Right', 64, 65, 175, NULL, NULL, 'England', NULL),
(21, 1, 28566, 'Vassiriki', 'Abou Diaby', 'Vassiriki Abou Diaby', 'Midfielder', 'Central Midfielder', 'Left/Centre', 2, 74, 192, NULL, NULL, 'France', NULL),
(22, 1, 8597, 'Tomas', 'Rosicky', 'Tomas Rosicky', 'Midfielder', 'Attacking Midfielder', 'Left/Centre/Right', 7, 65, 178, NULL, NULL, 'Czech Republic', NULL),
(23, 1, 8758, 'Mikel', 'Arteta', 'Mikel Arteta', 'Midfielder', 'Central Midfielder', 'Left/Centre/Right', 8, 64, 183, NULL, NULL, 'Spain', NULL),
(24, 1, 54102, 'Jack', 'Wilshere', 'Jack Wilshere', 'Midfielder', 'Attacking Midfielder', 'Left', 10, 68, 172, NULL, NULL, 'England', NULL),
(25, 1, 20467, 'Theo', 'Walcott', 'Theo Walcott', 'Midfielder', 'Winger', 'Right', 14, 68, 176, NULL, NULL, 'England', NULL),
(26, 1, 81880, 'Alex', 'Oxlade-Chamberlain', 'Alex Oxlade-Chamberlain', 'Midfielder', 'Attacking Midfielder', 'Left/Centre/Right', 15, 70, 180, NULL, NULL, 'England', NULL),
(27, 1, 41792, 'Aaron', 'Ramsey', 'Aaron Ramsey', 'Midfielder', 'Central Midfielder', 'Centre', 16, 70, 177, NULL, NULL, 'Wales', NULL),
(28, 1, 19524, 'Santiago', 'Cazorla', 'Santiago Cazorla', 'Midfielder', 'Winger', 'Left/Right', 19, 66, 168, NULL, NULL, 'Spain', NULL),
(29, 1, 56864, 'Francis', 'Coquelin', 'Francis Coquelin', 'Midfielder', 'Defensive Midfielder', 'Centre', 22, 73, 178, NULL, NULL, 'France', NULL),
(30, 1, 13227, 'Andrey', 'Arshavin', 'Andrey Arshavin', 'Midfielder', 'Attacking Midfielder', 'Left/Centre/Right', 23, 69, 172, NULL, NULL, 'Russia', NULL),
(31, 1, 66587, 'Craig', 'Eastmond', 'Craig Eastmond', 'Midfielder', 'Defensive Midfielder', 'Centre', 44, 75, 173, NULL, NULL, 'England', NULL),
(32, 1, 111571, 'Thomas', 'Eisfeld', 'Thomas Eisfeld', 'Midfielder', 'Attacking Midfielder', 'Centre', 46, 65, 177, NULL, NULL, 'Germany', NULL),
(33, 1, 133798, 'Serge', 'Gnabry', 'Serge Gnabry', 'Midfielder', 'Attacking Midfielder', 'Left/Centre/Right', 47, 73, 173, NULL, NULL, 'Germany', NULL),
(34, 1, 59937, 'Conor', 'Henderson', 'Conor Henderson', 'Midfielder', 'Central Midfielder', 'Centre', 50, 76, 185, NULL, NULL, 'Republic of Ireland', NULL),
(35, 1, 108012, 'Jernade', 'Meade', 'Jernade Meade', 'Midfielder', 'Winger', 'Left', 53, 78, 160, NULL, NULL, 'England', NULL),
(36, 1, 17733, 'Lukas', 'Podolski', 'Lukas Podolski', 'Forward', 'Striker', 'Left/Centre', 9, 83, 182, NULL, NULL, 'Germany', NULL),
(37, 1, 44346, 'Olivier', 'Giroud', 'Olivier Giroud', 'Forward', 'Striker', 'Centre', 12, 88, 192, NULL, NULL, 'France', NULL),
(38, 1, 43274, 'Gervais', 'Yao Kouassi', 'Gervinho', 'Forward', 'Second Striker', 'Left/Centre', 27, 66, 179, NULL, NULL, 'Côte d''Ivoire', NULL),
(39, 1, 88498, 'Benik', 'Afobe', 'Benik Afobe', 'Forward', 'Striker', 'Centre', 33, 79, 183, NULL, NULL, 'England', NULL),
(40, 1, 147692, 'Zak', 'Ansah', 'Zak Ansah', 'Forward', 'Striker', 'Centre', 39, 73, 179, NULL, NULL, 'England', NULL),
(41, 1, 59942, 'Herschel', 'Sanchez Watt', 'Sanchez Watt', 'Forward', 'Striker', 'Centre', 62, 70, 177, NULL, NULL, 'England', NULL),
(42, 1, 147675, 'Chuba', 'Akpom', 'Chuba Akpom', 'Forward', 'Striker', 'Centre', 67, 70, 183, NULL, NULL, 'England', NULL),
(43, 2, 1822, 'Shay', 'Given', 'Shay Given', 'Goalkeeper', 'Goalkeeper', NULL, 1, 84, 183, NULL, NULL, 'Republic of Ireland', NULL),
(44, 2, 41705, 'Brad', 'Guzan', 'Brad Guzan', 'Goalkeeper', 'Goalkeeper', NULL, 22, 94, 193, NULL, NULL, 'USA', NULL),
(45, 2, 1218, 'Andy', 'Marshall', 'Andy Marshall', 'Goalkeeper', 'Goalkeeper', NULL, 33, 86, 188, NULL, NULL, 'England', NULL),
(46, 2, 99168, 'Benjamin', 'Siegrist', 'Benjamin Siegrist', 'Goalkeeper', 'Goalkeeper', NULL, 39, 85, 194, NULL, NULL, 'Switzerland', NULL),
(47, 2, 21095, 'Ron', 'Vlaar', 'Ron Vlaar', 'Defender', 'Central Defender', 'Centre', 4, 80, 189, NULL, NULL, 'Netherlands', NULL),
(48, 2, 1764, 'Richard', 'Dunne', 'Richard Dunne', 'Defender', 'Central Defender', 'Centre', 5, 89, 188, NULL, NULL, 'Republic of Ireland', NULL),
(49, 2, 58845, 'Ciaran', 'Clark', 'Ciaran Clark', 'Defender', 'Central Defender', 'Centre', 6, 76, 188, NULL, NULL, 'Republic of Ireland', NULL),
(50, 2, 56981, 'Joe', 'Bennett', 'Joe Bennett', 'Defender', 'Full Back', 'Left', 27, 74, 183, NULL, NULL, 'England', NULL),
(51, 2, 63426, 'Enda', 'Stevens', 'Enda Stevens', 'Defender', 'Full Back', 'Left', 29, 78, 183, NULL, NULL, 'Republic of Ireland', NULL),
(52, 2, 45139, 'Eric', 'Lichaj', 'Eric Lichaj', 'Defender', 'Full Back', 'Left/Right', 30, 70, 175, NULL, NULL, 'USA', NULL),
(53, 2, 52477, 'Nathan', 'Baker', 'Nathan Baker', 'Defender', 'Central Defender', 'Centre', 32, 75, 188, NULL, NULL, 'England', NULL),
(54, 2, 68983, 'Matthew', 'Lowton', 'Matthew Lowton', 'Defender', 'Full Back', 'Right', 34, 78, 180, NULL, NULL, 'England', NULL),
(55, 2, 110403, 'Derrick', 'Williams', 'Derrick Williams', 'Defender', 'Central Defender', 'Centre', 37, 75, 180, NULL, NULL, 'Republic of Ireland', NULL),
(56, 2, 20481, 'Stephen', 'Ireland', 'Stephen Ireland', 'Midfielder', 'Central Midfielder', 'Centre', 7, 68, 176, NULL, NULL, 'Republic of Ireland', NULL),
(57, 2, 39242, 'Karim', 'El Ahmadi', 'Karim El Ahmadi', 'Midfielder', 'Defensive Midfielder', 'Centre', 8, 78, 185, NULL, NULL, 'Morocco', NULL),
(58, 2, 18737, 'Charles', 'N''Zogbia', 'Charles N''Zogbia', 'Midfielder', 'Winger', 'Left', 10, 70, 170, NULL, NULL, 'France', NULL),
(59, 2, 51938, 'Marc', 'Albrighton', 'Marc Albrighton', 'Midfielder', 'Central Midfielder', 'Centre', 12, 67, 175, NULL, NULL, 'England', NULL),
(60, 2, 60551, 'Ashley Roy', 'Westwood', 'Ashley Westwood', 'Midfielder', 'Central Midfielder', 'Centre', 15, 67, 175, NULL, NULL, 'England', NULL),
(61, 2, 41823, 'Fabian', 'Delph', 'Fabian Delph', 'Midfielder', 'Central Midfielder', 'Left/Centre', 16, 60, 174, NULL, NULL, 'England', NULL),
(62, 2, 90255, 'Yacouba', 'Sylla', 'Yacouba Sylla', 'Midfielder', 'Central Midfielder', 'Centre', 18, 80, 184, NULL, NULL, 'Senegal', NULL),
(63, 2, 48759, 'Simon', 'Dawkins', 'Simon Dawkins', 'Midfielder', 'Attacking Midfielder', 'Left/Centre/Right', 24, 73, 178, NULL, NULL, 'England', NULL),
(64, 2, 59013, 'Barry', 'Bannan', 'Barry Bannan', 'Midfielder', 'Central Midfielder', 'Left/Centre', 25, 60, 170, NULL, NULL, 'Scotland', NULL),
(65, 2, 49493, 'Chris', 'Herd', 'Chris Herd', 'Midfielder', 'Central Midfielder', 'Centre/Right', 31, 76, 173, NULL, NULL, 'Australia', NULL),
(66, 2, 90590, 'Daniel', 'Johnson', 'Daniel Johnson', 'Midfielder', 'Attacking Midfielder', 'Left/Centre', 35, 67, 174, NULL, NULL, 'Jamaica', NULL),
(67, 2, 77800, 'Gary', 'Gardner', 'Gary Gardner', 'Midfielder', 'Central Midfielder', 'Centre', 38, 82, 188, NULL, NULL, 'England', NULL),
(68, 2, 114042, 'Samir', 'Carruthers', 'Samir Carruthers', 'Midfielder', 'Attacking Midfielder', 'Centre', 40, 70, 173, NULL, NULL, 'Republic of Ireland', NULL),
(69, 2, 10738, 'Darren', 'Bent', 'Darren Bent', 'Forward', 'Striker', 'Centre', 9, 73, 180, NULL, NULL, 'England', NULL),
(70, 2, 27450, 'Gabriel', 'Agbonlahor', 'Gabriel Agbonlahor', 'Forward', 'Striker', 'Centre', 11, 76, 178, NULL, NULL, 'England', NULL),
(71, 2, 13866, 'Brett', 'Holman', 'Brett Holman', 'Forward', 'Second Striker', 'Left/Right', 14, 75, 177, NULL, NULL, 'Australia', NULL),
(72, 2, 54861, 'Christian', 'Benteke', 'Christian Benteke', 'Forward', 'Striker', 'Centre', 20, 83, 190, NULL, NULL, 'Belgium', NULL),
(73, 2, 56206, 'Jordan', 'Bowery', 'Jordan Bowery', 'Forward', 'Striker', 'Centre', 21, 76, 185, NULL, NULL, 'England', NULL),
(74, 2, 80979, 'Andreas', 'Weimann', 'Andreas Weimann', 'Forward', 'Striker', 'Centre', 26, 76, 188, NULL, NULL, 'Austria', NULL),
(75, 2, 106602, 'Graham', 'Burke', 'Graham Burke', 'Forward', 'Striker', 'Centre', 36, 75, 180, NULL, NULL, 'Republic of Ireland', NULL),
(76, 3, 11334, 'Petr', 'Cech', 'Petr Cech', 'Goalkeeper', 'Goalkeeper', NULL, 1, 92, 196, NULL, NULL, 'Czech Republic', NULL),
(77, 3, 17694, 'Ross', 'Turnbull', 'Ross Turnbull', 'Goalkeeper', 'Goalkeeper', NULL, 22, 85, 193, NULL, NULL, 'England', NULL),
(78, 3, 37634, 'Henrique', 'Hilário', 'Henrique Hilário', 'Goalkeeper', 'Goalkeeper', NULL, 40, 85, 189, NULL, NULL, 'Portugal', NULL),
(79, 3, 108132, 'Jamal', 'Blackman', 'Jamal Blackman', 'Goalkeeper', 'Goalkeeper', NULL, 46, 82, 196, NULL, NULL, 'England', NULL),
(80, 3, 41135, 'Branislav', 'Ivanovic', 'Branislav Ivanovic', 'Defender', 'Central Defender', 'Centre/Right', 2, 84, 188, NULL, NULL, 'Serbia', NULL),
(81, 3, 3785, 'Ashley', 'Cole', 'Ashley Cole', 'Defender', 'Full Back', 'Left', 3, 66, 176, NULL, NULL, 'England', NULL),
(82, 3, 41270, 'David', 'Luiz Moreira Marinho', 'David Luiz', 'Defender', 'Central Defender', 'Centre', 4, 84, 188, NULL, NULL, 'Brazil', NULL),
(83, 3, 16734, 'Paulo', 'Ferreira', 'Paulo Ferreira', 'Defender', 'Full Back', 'Right', 19, 76, 181, NULL, NULL, 'Portugal', NULL),
(84, 3, 19419, 'Gary', 'Cahill', 'Gary Cahill', 'Defender', 'Central Defender', 'Centre', 24, 71, 188, NULL, NULL, 'England', NULL),
(85, 3, 1718, 'John', 'Terry', 'John Terry', 'Defender', 'Central Defender', 'Centre', 26, 90, 187, NULL, NULL, 'England', NULL),
(86, 3, 41328, 'César', 'Azpilicueta', 'César Azpilicueta', 'Defender', 'Full Back', 'Right', 28, 70, 178, NULL, NULL, 'Spain', NULL),
(87, 3, 40146, 'Ryan', 'Bertrand', 'Ryan Bertrand', 'Defender', 'Full Back', 'Left', 34, 85, 179, NULL, NULL, 'England', NULL),
(88, 3, 120159, 'Rohan', 'Ince', 'Rohan Ince', 'Defender', 'Central Defender', 'Centre', 51, 80, 191, NULL, NULL, 'England', NULL),
(89, 3, 126184, 'Nathan', 'Ake', 'Nathan Ake', 'Defender', 'Central Defender', 'Centre', 57, 71, 180, NULL, NULL, 'Netherlands', NULL),
(90, 3, 78056, 'Oriol', 'Romeu', 'Oriol Romeu', 'Midfielder', 'Defensive Midfielder', 'Centre', 6, 79, 182, NULL, NULL, 'Spain', NULL),
(91, 3, 53392, 'Ramires', 'Santos do Nascimento', 'Ramires', 'Midfielder', 'Central Midfielder', 'Left/Centre/Right', 7, 73, 180, NULL, NULL, 'Brazil', NULL),
(92, 3, 2051, 'Frank', 'Lampard', 'Frank Lampard', 'Midfielder', 'Central Midfielder', 'Centre', 8, 88, 184, NULL, NULL, 'England', NULL),
(93, 3, 61262, 'Oscar', 'dos Santos Emboada Junior', 'Oscar', 'Midfielder', 'Attacking Midfielder', 'Centre', 11, 66, 179, NULL, NULL, 'Brazil', NULL),
(94, 3, 28495, 'John Obi', 'Mikel', 'John Obi Mikel', 'Midfielder', 'Defensive Midfielder', 'Centre', 12, 86, 188, NULL, NULL, 'Nigeria', NULL),
(95, 3, 10425, 'Florent', 'Malouda', 'Florent Malouda', 'Midfielder', 'Winger', 'Left', 15, 73, 184, NULL, NULL, 'France', NULL),
(96, 3, 41450, 'Marko', 'Marin', 'Marko Marin', 'Midfielder', 'Attacking Midfielder', 'Left/Centre/Right', 21, 64, 170, NULL, NULL, 'Germany', NULL),
(97, 3, 13594, 'Yossi', 'Benayoun', 'Yossi Benayoun', 'Midfielder', 'Attacking Midfielder', 'Left/Right', 30, 70, 178, NULL, NULL, 'Israel', NULL),
(98, 3, 14402, 'Fernando', 'Torres', 'Fernando Torres', 'Forward', 'Striker', 'Centre', 9, 70, 183, NULL, NULL, 'Spain', NULL),
(99, 3, 43670, 'Juan', 'Mata', 'Juan Mata', 'Forward', 'Attacking Midfielder', 'Left/Centre/Right', 10, 63, 170, NULL, NULL, 'Spain', NULL),
(100, 3, 49013, 'Victor', 'Moses', 'Victor Moses', 'Forward', 'Second Striker', 'Left/Right', 13, 75, 177, NULL, NULL, 'Nigeria', NULL),
(101, 3, 42786, 'Eden', 'Hazard', 'Eden Hazard', 'Forward', 'Second Striker', 'Left/Centre/Right', 17, 69, 170, NULL, NULL, 'Belgium', NULL),
(102, 3, 47412, 'Demba', 'Ba', 'Demba Ba', 'Forward', 'Striker', 'Centre', 29, 84, 189, NULL, NULL, 'Senegal', NULL),
(103, 3, 91515, 'Adam', 'Phillip', 'Adam Phillip', 'Forward', 'Striker', 'Centre', 60, 70, 178, NULL, NULL, 'England', NULL),
(104, 4, 41080, 'Ján', 'Mucha', 'Ján Mucha', 'Goalkeeper', 'Goalkeeper', NULL, 1, 87, 189, NULL, NULL, 'Slovakia', NULL),
(105, 4, 15337, 'Tim', 'Howard', 'Tim Howard', 'Goalkeeper', 'Goalkeeper', NULL, 24, 88, 187, NULL, NULL, 'USA', NULL),
(106, 4, 94064, 'Mason', 'Springthorpe', 'Mason Springthorpe', 'Goalkeeper', NULL, NULL, 46, 72, 188, NULL, NULL, 'England', NULL),
(107, 4, 9007, 'Tony', 'Hibbert', 'Tony Hibbert', 'Defender', 'Full Back', 'Right', 2, 71, 175, NULL, NULL, 'England', NULL),
(108, 4, 12745, 'Leighton', 'Baines', 'Leighton Baines', 'Defender', 'Full Back', 'Left', 3, 74, 170, NULL, NULL, 'England', NULL),
(109, 4, 10466, 'Johnny', 'Heitinga', 'Johnny Heitinga', 'Defender', 'Central Defender', 'Centre/Right', 5, 69, 182, NULL, NULL, 'Netherlands', NULL),
(110, 4, 7645, 'Phil', 'Jagielka', 'Phil Jagielka', 'Defender', 'Central Defender', 'Centre', 6, 83, 183, NULL, NULL, 'England', NULL),
(111, 4, 77762, 'Bryan', 'Oviedo', 'Bryan Oviedo', 'Defender', 'Full Back', 'Left', 8, 69, 172, NULL, NULL, 'Costa Rica', NULL),
(112, 4, 6219, 'Sylvain', 'Distin', 'Sylvain Distin', 'Defender', 'Central Defender', 'Left/Centre', 15, 87, 193, NULL, NULL, 'France', NULL),
(113, 4, 59949, 'Seamus', 'Coleman', 'Seamus Coleman', 'Defender', 'Full Back', 'Right', 23, 67, 178, NULL, NULL, 'Republic of Ireland', NULL),
(114, 4, 97299, 'John', 'Stones', 'John Stones', 'Defender', 'Full Back', 'Right', 26, 70, 188, NULL, NULL, 'England', NULL),
(115, 4, 61933, 'Shane', 'Duffy', 'Shane Duffy', 'Defender', 'Central Defender', 'Centre', 34, 76, 193, NULL, NULL, 'Republic of Ireland', NULL),
(116, 4, 149468, 'Tyias', 'Browning', 'Tyias Browning', 'Defender', 'Central Defender', 'Centre', 40, 76, 181, NULL, NULL, 'England', NULL),
(117, 4, 80183, 'Luke', 'Garbutt', 'Luke Garbutt', 'Defender', 'Full Back', 'Left', 42, 73, 178, NULL, NULL, 'England', NULL),
(118, 4, 27707, 'Darron', 'Gibson', 'Darron Gibson', 'Midfielder', 'Central Midfielder', 'Centre', 4, 90, 183, NULL, NULL, 'Republic of Ireland', NULL),
(119, 4, 8402, 'Thomas', 'Hitzlsperger', 'Thomas Hitzlsperger', 'Midfielder', 'Central Midfielder', 'Left/Centre', 16, 82, 184, NULL, NULL, 'Germany', NULL),
(120, 4, 1821, 'Philip', 'Neville', 'Philip Neville', 'Midfielder', 'Defensive Midfielder', 'Centre', 18, 69, 180, NULL, NULL, 'England', NULL),
(121, 4, 88894, 'Ross', 'Barkley', 'Ross Barkley', 'Midfielder', 'Central Midfielder', 'Left/Centre/Right', 20, 79, 189, NULL, NULL, 'England', NULL),
(122, 4, 8378, 'Leon', 'Osman', 'Leon Osman', 'Midfielder', 'Attacking Midfielder', 'Centre/Right', 21, 67, 173, NULL, NULL, 'England', NULL),
(123, 4, 7525, 'Steven', 'Pienaar', 'Steven Pienaar', 'Midfielder', 'Attacking Midfielder', 'Left/Centre/Right', 22, 69, 173, NULL, NULL, 'South Africa', NULL),
(124, 4, 41184, 'Marouane', 'Fellaini', 'Marouane Fellaini', 'Midfielder', 'Attacking Midfielder', 'Centre', 25, 85, 194, NULL, NULL, 'Belgium', NULL),
(125, 4, 115596, 'Francisco Santos', 'da Silva Júnior', 'Francisco Júnior', 'Midfielder', 'Central Midfielder', 'Centre', 30, 65, 162, NULL, NULL, 'Portugal', NULL),
(126, 4, 92476, 'Matthew', 'Kennedy', 'Matthew Kennedy', 'Midfielder', 'Winger', 'Left/Right', 31, 68, 175, NULL, NULL, 'Scotland', NULL),
(127, 4, 62419, 'Nikica', 'Jelavic', 'Nikica Jelavic', 'Forward', 'Striker', 'Centre', 7, 84, 187, NULL, NULL, 'Croatia', NULL),
(128, 4, 26901, 'Kevin', 'Mirallas', 'Kevin Mirallas', 'Forward', 'Striker', 'Centre', 11, 68, 179, NULL, NULL, 'Belgium', NULL),
(129, 4, 18981, 'Steven', 'Naismith', 'Steven Naismith', 'Forward', 'Striker', 'Centre', 14, 72, 178, NULL, NULL, 'Scotland', NULL),
(130, 4, 60865, 'Apostolos', 'Vellios', 'Apostolos Vellios', 'Forward', 'Striker', 'Centre', 27, 79, 191, NULL, NULL, 'Greece', NULL),
(131, 4, 28593, 'Victor', 'Anichebe', 'Victor Anichebe', 'Forward', 'Striker', 'Centre', 28, 80, 185, NULL, NULL, 'Nigeria', NULL),
(132, 4, 80181, 'Conor', 'McAleny', 'Conor McAleny', 'Forward', 'Striker', 'Centre', 43, 66, 172, NULL, NULL, 'England', NULL),
(133, 5, 1827, 'Mark', 'Schwarzer', 'Mark Schwarzer', 'Goalkeeper', 'Goalkeeper', NULL, 1, 90, 196, NULL, NULL, 'Australia', NULL),
(134, 5, 88734, 'Neil', 'Etheridge', 'Neil Etheridge', 'Goalkeeper', 'Goalkeeper', NULL, 38, 73, 191, NULL, NULL, 'Philippines', NULL),
(135, 5, 4098, 'John Arne', 'Riise', 'John Arne Riise', 'Defender', 'Full Back', 'Left', 3, 77, 185, NULL, NULL, 'Norway', NULL),
(136, 5, 16854, 'Philippe', 'Senderos', 'Philippe Senderos', 'Defender', 'Central Defender', 'Centre', 4, 84, 190, NULL, NULL, 'Switzerland', NULL),
(137, 5, 15284, 'Brede', 'Hangeland', 'Brede Hangeland', 'Defender', 'Central Defender', 'Centre', 5, 85, 195, NULL, NULL, 'Norway', NULL),
(138, 5, 15968, 'Chris', 'Baird', 'Chris Baird', 'Defender', 'Central Defender', 'Centre/Right', 6, 76, 185, NULL, NULL, 'Northern Ireland', NULL),
(139, 5, 1869, 'Aaron', 'Hughes', 'Aaron Hughes', 'Defender', 'Central Defender', 'Centre', 18, 71, 183, NULL, NULL, 'Northern Ireland', NULL),
(140, 5, 28313, 'Stanislav', 'Manolev', 'Stanislav Manolev', 'Defender', 'Full Back', 'Right', 25, 72, 183, NULL, NULL, 'Bulgaria', NULL),
(141, 5, 17160, 'Sascha', 'Riether', 'Sascha Riether', 'Defender', 'Full Back', 'Right', 27, 70, 174, NULL, NULL, 'Germany', NULL),
(142, 5, 82412, 'Jack', 'Grimmer', 'Jack Grimmer', 'Defender', 'Full Back', 'Right', 44, 82, 184, NULL, NULL, 'Scotland', NULL),
(143, 5, 11735, 'Steve', 'Sidwell', 'Steve Sidwell', 'Midfielder', 'Central Midfielder', 'Centre', 7, 70, 178, NULL, NULL, 'England', NULL),
(144, 5, 56861, 'Emmanuel', 'Frimpong', 'Emmanuel Frimpong', 'Midfielder', 'Defensive Midfielder', 'Centre', 12, 67, 180, NULL, NULL, 'Ghana', NULL),
(145, 5, 6994, 'Giorgos', 'Karagounis', 'Giorgos Karagounis', 'Midfielder', 'Attacking Midfielder', 'Centre/Right', 14, 74, 176, NULL, NULL, 'Greece', NULL),
(146, 5, 15073, 'Kieran', 'Richardson', 'Kieran Richardson', 'Midfielder', 'Central Midfielder', 'Left/Centre', 15, 71, 173, NULL, NULL, 'England', NULL),
(147, 5, 1256, 'Damien', 'Duff', 'Damien Duff', 'Midfielder', 'Winger', 'Left', 16, 60, 178, NULL, NULL, 'Republic of Ireland', NULL),
(148, 5, 4990, 'Mahamadou', 'Diarra', 'Mahamadou Diarra', 'Midfielder', 'Central Midfielder', 'Centre', 19, 80, 182, NULL, NULL, 'Mali', NULL),
(149, 5, 105086, 'Kerim', 'Frei', 'Kerim Frei', 'Midfielder', 'Winger', 'Right', 21, 67, 172, NULL, NULL, 'Turkey', NULL),
(150, 5, 18427, 'Ashkan', 'Dejagah', 'Ashkan Dejagah', 'Midfielder', 'Attacking Midfielder', 'Left/Centre/Right', 24, 77, 181, NULL, NULL, 'Iran', NULL),
(151, 5, 18277, 'Urby', 'Emanuelson', 'Urby Emanuelson', 'Midfielder', 'Winger', 'Left', 28, 68, 176, NULL, NULL, 'Netherlands', NULL),
(152, 5, 2559, 'Simon', 'Davies', 'Simon Davies', 'Midfielder', 'Winger', 'Right', 29, 72, 178, NULL, NULL, 'Wales', NULL),
(153, 5, 42518, 'Alexander', 'Kacaniklic', 'Alexander Kacaniklic', 'Midfielder', 'Winger', 'Left', 31, 66, 180, NULL, NULL, 'Sweden', NULL),
(154, 5, 129761, 'Chris', 'David', 'Chris David', 'Midfielder', 'Central Midfielder', 'Centre', 32, 65, 170, NULL, NULL, 'Netherlands', NULL),
(155, 5, 56069, 'Eyong', 'Enoh', 'Eyong Enoh', 'Midfielder', 'Defensive Midfielder', 'Centre', 33, 70, 174, NULL, NULL, 'Cameroon', NULL),
(156, 5, 99022, 'Tom', 'Donegan', 'Tom Donegan', 'Midfielder', 'Central Midfielder', 'Centre', 34, 69, 179, NULL, NULL, 'England', NULL),
(157, 5, 112063, 'Charles', 'Banya', 'Charles Banya', 'Midfielder', 'Winger', 'Left', 42, 61, 170, NULL, NULL, 'England', NULL),
(158, 5, 8595, 'Dimitar', 'Berbatov', 'Dimitar Berbatov', 'Forward', 'Striker', 'Centre', 9, 79, 188, NULL, NULL, 'Bulgaria', NULL),
(159, 5, 11987, 'Mladen', 'Petric', 'Mladen Petric', 'Forward', 'Striker', 'Centre', 10, 81, 184, NULL, NULL, 'Croatia', NULL),
(160, 5, 37084, 'Bryan', 'Ruiz', 'Bryan Ruiz', 'Forward', 'Second Striker', 'Centre', 11, 78, 188, NULL, NULL, 'Costa Rica', NULL),
(161, 5, 37334, 'Hugo', 'Rodallega', 'Hugo Rodallega', 'Forward', 'Striker', 'Centre', 20, 72, 181, NULL, NULL, 'Colombia', NULL),
(162, 6, 9631, 'Bradley', 'Jones', 'Bradley Jones', 'Goalkeeper', 'Goalkeeper', NULL, 1, 76, 191, NULL, NULL, 'Australia', NULL),
(163, 6, 8432, 'José', 'Reina', 'José Reina', 'Goalkeeper', 'Goalkeeper', NULL, 25, 85, 187, NULL, NULL, 'Spain', NULL),
(164, 6, 46506, 'Peter', 'Gulacsi', 'Peter Gulacsi', 'Goalkeeper', 'Goalkeeper', NULL, 42, 75, 190, NULL, NULL, 'Hungary', NULL),
(165, 6, 95463, 'Danny', 'Ward', 'Danny Ward', 'Goalkeeper', 'Goalkeeper', NULL, 52, 88, 191, NULL, NULL, 'Wales', NULL),
(166, 6, 9047, 'Glen', 'Johnson', 'Glen Johnson', 'Defender', 'Full Back', 'Centre', 2, 70, 178, NULL, NULL, 'England', NULL),
(167, 6, 26725, 'José', 'Enrique Sanchez Diaz', 'José Enrique', 'Defender', 'Full Back', 'Left', 3, 76, 184, NULL, NULL, 'Spain', NULL),
(168, 6, 21094, 'Daniel', 'Agger', 'Daniel Agger', 'Defender', 'Central Defender', 'Centre', 5, 79, 188, NULL, NULL, 'Denmark', NULL),
(169, 6, 78108, 'Sebastián', 'Coates', 'Sebastián Coates', 'Defender', 'Central Defender', 'Centre', 16, 85, 196, NULL, NULL, 'Uruguay', NULL),
(170, 6, 1809, 'Jamie', 'Carragher', 'Jamie Carragher', 'Defender', 'Central Defender', 'Centre/Right', 23, 76, 185, NULL, NULL, 'England', NULL),
(171, 6, 58786, 'Martin', 'Kelly', 'Martin Kelly', 'Defender', 'Full Back', 'Right', 34, 77, 191, NULL, NULL, 'England', NULL),
(172, 6, 94147, 'Conor', 'Coady', 'Conor Coady', 'Defender', 'Full Back', 'Left', 35, 73, 185, NULL, NULL, 'England', NULL),
(173, 6, 26793, 'Martin', 'Skrtel', 'Martin Skrtel', 'Defender', 'Central Defender', 'Centre', 37, 81, 191, NULL, NULL, 'Slovakia', NULL),
(174, 6, 91979, 'John', 'Flanagan', 'John Flanagan', 'Defender', 'Full Back', 'Right', 38, 79, 181, NULL, NULL, 'England', NULL),
(175, 6, 71639, 'Stephen', 'Sama', 'Stephen Sama', 'Defender', NULL, NULL, 45, 79, 188, NULL, NULL, 'Germany', NULL),
(176, 6, 89088, 'Andre', 'Wisdom', 'Andre Wisdom', 'Defender', 'Central Defender', 'Centre', 47, 78, 186, NULL, NULL, 'England', NULL),
(177, 6, 1814, 'Steven', 'Gerrard', 'Steven Gerrard', 'Midfielder', 'Attacking Midfielder', 'Centre', 8, 82, 185, NULL, NULL, 'England', NULL),
(178, 6, 84583, 'Philippe', 'Coutinho', 'Philippe Coutinho', 'Midfielder', 'Attacking Midfielder', 'Centre', 10, 71, 171, NULL, NULL, 'Brazil', NULL),
(179, 6, 56979, 'Jordan', 'Henderson', 'Jordan Henderson', 'Midfielder', 'Central Midfielder', 'Centre', 14, 67, 182, NULL, NULL, 'England', NULL),
(180, 6, 12002, 'Stewart', 'Downing', 'Stewart Downing', 'Midfielder', 'Winger', 'Left', 19, 64, 180, NULL, NULL, 'England', NULL),
(181, 6, 43191, 'Lucas', 'Leiva', 'Lucas Leiva', 'Midfielder', 'Central Midfielder', 'Centre', 21, 74, 179, NULL, NULL, 'Brazil', NULL),
(182, 6, 40555, 'Joe', 'Allen', 'Joe Allen', 'Midfielder', 'Central Midfielder', 'Centre', 24, 62, 168, NULL, NULL, 'Wales', NULL),
(183, 6, 103955, 'Raheem', 'Sterling', 'Raheem Sterling', 'Midfielder', 'Winger', 'Left', 31, 69, 170, NULL, NULL, 'England', NULL),
(184, 6, 50232, 'Jonjo', 'Shelvey', 'Jonjo Shelvey', 'Midfielder', 'Attacking Midfielder', 'Left/Centre/Right', 33, 80, 185, NULL, NULL, 'England', NULL),
(185, 6, 103912, 'Jordan', 'Ibe', 'Jordan Ibe', 'Midfielder', 'Winger', 'Left/Right', 51, 81, 176, NULL, NULL, 'England', NULL),
(186, 6, 39336, 'Luis', 'Suárez', 'Luis Suárez', 'Forward', 'Second Striker', 'Left/Centre/Right', 7, 81, 182, NULL, NULL, 'Uruguay', NULL),
(187, 6, 77305, 'Oussama', 'Assaidi', 'Oussama Assaidi', 'Forward', 'Striker', 'Centre', 11, 65, 172, NULL, NULL, 'Morocco', NULL),
(188, 6, 40755, 'Daniel', 'Sturridge', 'Daniel Sturridge', 'Forward', 'Striker', 'Centre/Right', 15, 76, 188, NULL, NULL, 'England', NULL),
(189, 6, 77454, 'Fabio', 'Borini', 'Fabio Borini', 'Forward', 'Striker', 'Left/Centre/Right', 29, 73, 178, NULL, NULL, 'Italy', NULL),
(190, 6, 103953, 'Jesús', 'Fernández Saez', 'Suso', 'Forward', 'Striker', 'Centre', 30, 70, 176, NULL, NULL, 'Spain', NULL),
(191, 6, 111289, 'Samed', 'Yesil', 'Samed Yesil', 'Forward', 'Striker', 'Centre', 36, 72, 180, NULL, NULL, 'Germany', NULL),
(192, 6, 133801, 'Jerome', 'Sinclair', 'Jerome Sinclair', 'Forward', 'Striker', 'Centre', 48, 79, 173, NULL, NULL, 'England', NULL),
(193, 6, 111295, 'Adam', 'Morgan', 'Adam Morgan', 'Forward', 'Striker', 'Centre', 50, 70, 174, NULL, NULL, 'England', NULL),
(194, 7, 15749, 'Joe', 'Hart', 'Joe Hart', 'Goalkeeper', 'Goalkeeper', NULL, 1, 91, 196, NULL, NULL, 'England', NULL),
(195, 7, 1101, 'Richard', 'Wright', 'Richard Wright', 'Goalkeeper', 'Goalkeeper', NULL, 29, 83, 188, NULL, NULL, 'England', NULL),
(196, 7, 56827, 'Costel', 'Pantilimon', 'Costel Pantilimon', 'Goalkeeper', 'Goalkeeper', NULL, 30, 96, 203, NULL, NULL, 'Romania', NULL),
(197, 7, 20492, 'Micah', 'Richards', 'Micah Richards', 'Defender', 'Full Back', 'Right', 2, 82, 180, NULL, NULL, 'England', NULL),
(198, 7, 18573, 'Douglas', 'Maicon', 'Maicon', 'Defender', 'Full Back', 'Right', 3, 77, 184, NULL, NULL, 'Brazil', NULL),
(199, 7, 17476, 'Vincent', 'Kompany', 'Vincent Kompany', 'Defender', 'Central Defender', 'Centre', 4, 85, 190, NULL, NULL, 'Belgium', NULL),
(200, 7, 20658, 'Pablo', 'Zabaleta', 'Pablo Zabaleta', 'Defender', 'Full Back', 'Right', 5, 74, 174, NULL, NULL, 'Argentina', NULL),
(201, 7, 7551, 'Joleon', 'Lescott', 'Joleon Lescott', 'Defender', 'Central Defender', 'Centre', 6, 89, 190, NULL, NULL, 'England', NULL),
(202, 7, 42593, 'Aleksandar', 'Kolarov', 'Aleksandar Kolarov', 'Defender', 'Full Back', 'Left', 13, 83, 187, NULL, NULL, 'Serbia', NULL),
(203, 7, 17336, 'Gaël', 'Clichy', 'Gaël Clichy', 'Defender', 'Full Back', 'Left', 22, 65, 176, NULL, NULL, 'France', NULL),
(204, 7, 12450, 'Kolo', 'Touré', 'Kolo Touré', 'Defender', 'Central Defender', 'Centre', 28, 74, 183, NULL, NULL, 'Côte d''Ivoire', NULL),
(205, 7, 84702, 'Matija', 'Nastasic', 'Matija Nastasic', 'Defender', 'Central Defender', 'Centre', 33, 79, 187, NULL, NULL, 'Serbia', NULL),
(206, 7, 80235, 'Dedryck', 'Boyata', 'Dedryck Boyata', 'Defender', 'Central Defender', 'Left/Centre', 38, 84, 188, NULL, NULL, 'Belgium', NULL),
(207, 7, 15157, 'James', 'Milner', 'James Milner', 'Midfielder', 'Attacking Midfielder', 'Left/Centre/Right', 7, 70, 170, NULL, NULL, 'England', NULL),
(208, 7, 28554, 'Samir', 'Nasri', 'Samir Nasri', 'Midfielder', 'Attacking Midfielder', 'Left/Centre/Right', 8, 75, 175, NULL, NULL, 'France', NULL),
(209, 7, 19688, 'Scott', 'Sinclair', 'Scott Sinclair', 'Midfielder', 'Winger', 'Left/Right', 11, 64, 175, NULL, NULL, 'England', NULL),
(210, 7, 19534, 'Francisco Javier', 'García Fernández', 'Javi García', 'Midfielder', 'Defensive Midfielder', 'Centre', 14, 85, 180, NULL, NULL, 'Spain', NULL),
(211, 7, 49384, 'Jack', 'Rodwell', 'Jack Rodwell', 'Midfielder', 'Defensive Midfielder', 'Centre', 17, 80, 188, NULL, NULL, 'England', NULL),
(212, 7, 1632, 'Gareth', 'Barry', 'Gareth Barry', 'Midfielder', 'Central Midfielder', 'Left/Centre', 18, 78, 183, NULL, NULL, 'England', NULL),
(213, 7, 20664, 'David', 'Silva', 'David Silva', 'Midfielder', 'Attacking Midfielder', 'Left/Centre/Right', 21, 67, 170, NULL, NULL, 'Spain', NULL),
(214, 7, 89572, 'Denis', 'Suárez', 'Denis Suárez', 'Midfielder', 'Attacking Midfielder', 'Left/Centre/Right', 36, 69, 171, NULL, NULL, 'Spain', NULL),
(215, 7, 14664, 'Gnegneri Yaya', 'Touré', 'Yaya Touré', 'Midfielder', 'Defensive Midfielder', 'Centre', 42, 90, 189, NULL, NULL, 'Côte d''Ivoire', NULL),
(216, 7, 93666, 'Abdul', 'Razak', 'Abdul Razak', 'Midfielder', 'Central Midfielder', 'Left/Centre', 62, 76, 180, NULL, NULL, 'Côte d''Ivoire', NULL),
(217, 7, 109653, 'Marcos Paulo', 'Mesquita Lopes', 'Marcos Lopes', 'Midfielder', 'Attacking Midfielder', 'Left/Centre/Right', 64, 68, 174, NULL, NULL, 'Portugal', NULL),
(218, 7, 106423, 'George', 'Evans', 'George Evans', 'Midfielder', NULL, NULL, 74, 76, 184, NULL, NULL, 'England', NULL),
(219, 7, 42544, 'Edin', 'Dzeko', 'Edin Dzeko', 'Forward', 'Striker', 'Centre', 10, 84, 193, NULL, NULL, 'Bosnia and Herzegovina', NULL),
(220, 7, 37572, 'Sergio', 'Agüero', 'Sergio Agüero', 'Forward', 'Striker', 'Centre', 16, 70, 175, NULL, NULL, 'Argentina', NULL),
(221, 7, 20312, 'Carlos', 'Tévez', 'Carlos Tévez', 'Forward', 'Second Striker', 'Centre', 32, 75, 173, NULL, NULL, 'Argentina', NULL),
(222, 7, 82970, 'John', 'Guidetti', 'John Guidetti', 'Forward', 'Striker', 'Centre', 60, 79, 185, NULL, NULL, 'Sweden', NULL),
(223, 8, 51940, 'David', 'De Gea', 'David De Gea', 'Goalkeeper', 'Goalkeeper', NULL, 1, 76, 192, NULL, NULL, 'Spain', NULL),
(224, 8, 39725, 'Anders', 'Lindegaard', 'Anders Lindegaard', 'Goalkeeper', 'Goalkeeper', NULL, 13, 80, 193, NULL, NULL, 'Denmark', NULL),
(225, 8, 51922, 'Ben', 'Amos', 'Ben Amos', 'Goalkeeper', 'Goalkeeper', NULL, 40, 70, 180, NULL, NULL, 'England', NULL),
(226, 8, 54772, 'Rafael Pereira', 'da Silva', 'Rafael', 'Defender', 'Full Back', 'Right', 2, 80, 173, NULL, NULL, 'Brazil', NULL),
(227, 8, 14075, 'Patrice', 'Evra', 'Patrice Evra', 'Defender', 'Full Back', 'Left', 3, 76, 175, NULL, NULL, 'France', NULL),
(228, 8, 76359, 'Phil', 'Jones', 'Phil Jones', 'Defender', 'Central Defender', 'Centre', 4, 72, 178, NULL, NULL, 'England', NULL),
(229, 8, 2034, 'Rio', 'Ferdinand', 'Rio Ferdinand', 'Defender', 'Central Defender', 'Centre', 5, 82, 189, NULL, NULL, 'England', NULL),
(230, 8, 37642, 'Jonny', 'Evans', 'Jonny Evans', 'Defender', 'Central Defender', 'Centre', 6, 77, 188, NULL, NULL, 'Northern Ireland', NULL),
(231, 8, 55909, 'Chris', 'Smalling', 'Chris Smalling', 'Defender', 'Central Defender', 'Centre', 12, 90, 194, NULL, NULL, 'England', NULL),
(232, 8, 14965, 'Nemanja', 'Vidic', 'Nemanja Vidic', 'Defender', 'Central Defender', 'Centre', 15, 84, 189, NULL, NULL, 'Serbia', NULL),
(233, 8, 50004, 'Alexander', 'Büttner', 'Alexander Büttner', 'Defender', 'Full Back', 'Left', 28, 75, 174, NULL, NULL, 'Netherlands', NULL),
(234, 8, 58747, 'Marnick', 'Vermijl', 'Marnick Vermijl', 'Defender', 'Full Back', 'Right', 36, 70, 180, NULL, NULL, 'Belgium', NULL),
(235, 8, 106612, 'Tom', 'Thorpe', 'Tom Thorpe', 'Defender', 'Central Defender', 'Centre', 39, 89, 188, NULL, NULL, 'England', NULL),
(236, 8, 89087, 'Frederic', 'Veseli', 'Frederic Veseli', 'Defender', 'Central Defender', 'Centre/Right', 49, 82, 184, NULL, NULL, 'Switzerland', NULL),
(237, 8, 20695, 'Luis Antonio', 'Valencia', 'Antonio Valencia', 'Midfielder', 'Winger', 'Right', 7, 78, 181, NULL, NULL, 'Ecuador', NULL),
(238, 8, 27258, 'Anderson', 'Oliveira', 'Anderson', 'Midfielder', 'Central Midfielder', 'Centre', 8, 69, 176, NULL, NULL, 'Brazil', NULL),
(239, 8, 3, 'Ryan', 'Giggs', 'Ryan Giggs', 'Midfielder', 'Central Midfielder', 'Left/Centre', 11, 68, 180, NULL, NULL, 'Wales', NULL),
(240, 8, 2404, 'Michael', 'Carrick', 'Michael Carrick', 'Midfielder', 'Central Midfielder', 'Centre', 16, 74, 183, NULL, NULL, 'England', NULL),
(241, 8, 38530, 'Luís', 'Almeida da Cunha', 'Nani', 'Midfielder', 'Winger', 'Left/Right', 17, 66, 175, NULL, NULL, 'Portugal', NULL),
(242, 8, 18892, 'Ashley', 'Young', 'Ashley Young', 'Midfielder', 'Attacking Midfielder', 'Left', 18, 65, 180, NULL, NULL, 'England', NULL),
(243, 8, 363, 'Paul', 'Scholes', 'Paul Scholes', 'Midfielder', 'Central Midfielder', 'Centre', 22, 70, 168, NULL, NULL, 'England', NULL),
(244, 8, 43250, 'Tom', 'Cleverley', 'Tom Cleverley', 'Midfielder', 'Winger', 'Left/Right', 23, 67, 175, NULL, NULL, 'England', NULL),
(245, 8, 14295, 'Darren', 'Fletcher', 'Darren Fletcher', 'Midfielder', 'Central Midfielder', 'Centre/Right', 24, 83, 183, NULL, NULL, 'Scotland', NULL),
(246, 8, 83090, 'Shinji', 'Kagawa', 'Shinji Kagawa', 'Midfielder', 'Attacking Midfielder', 'Centre', 26, 64, 172, NULL, NULL, 'Japan', NULL),
(247, 8, 106610, 'Larnell', 'Cole', 'Larnell Cole', 'Midfielder', NULL, NULL, 34, 63, 168, NULL, NULL, 'England', NULL),
(248, 8, 109322, 'Jesse', 'Lingard', 'Jesse Lingard', 'Midfielder', 'Attacking Midfielder', 'Left/Right', 35, 58, 168, NULL, NULL, 'England', NULL),
(249, 8, 13017, 'Wayne', 'Rooney', 'Wayne Rooney', 'Forward', 'Second Striker', 'Left/Centre/Right', 10, 78, 178, NULL, NULL, 'England', NULL),
(250, 8, 43020, 'Javier', 'Hernández', 'Javier Hernández', 'Forward', 'Striker', 'Centre', 14, 62, 173, NULL, NULL, 'Mexico', NULL),
(251, 8, 50175, 'Danny', 'Welbeck', 'Danny Welbeck', 'Forward', 'Striker', 'Centre', 19, 73, 185, NULL, NULL, 'England', NULL),
(252, 8, 12297, 'Robin', 'van Persie', 'Robin van Persie', 'Forward', 'Striker', 'Centre', 20, 79, 188, NULL, NULL, 'Netherlands', NULL),
(253, 8, 82205, 'Nick', 'Powell', 'Nick Powell', 'Forward', 'Striker', 'Centre', 25, 65, 183, NULL, NULL, 'England', NULL),
(254, 8, 91126, 'William', 'Keane', 'William Keane', 'Forward', 'Striker', 'Centre', 48, 78, 178, NULL, NULL, 'England', NULL),
(255, 9, 20480, 'Tim', 'Krul', 'Tim Krul', 'Goalkeeper', 'Goalkeeper', NULL, 1, 74, 188, NULL, NULL, 'Netherlands', NULL),
(256, 9, 19838, 'Robert', 'Elliot', 'Robert Elliot', 'Goalkeeper', 'Goalkeeper', NULL, 21, 98, 190, NULL, NULL, 'England', NULL),
(257, 9, 1881, 'Steve', 'Harper', 'Steve Harper', 'Goalkeeper', 'Goalkeeper', NULL, 37, 83, 185, NULL, NULL, 'England', NULL),
(258, 9, 106256, 'Jak', 'Alnwick', 'Jak Alnwick', 'Goalkeeper', 'Goalkeeper', NULL, 42, 82, 188, NULL, NULL, 'England', NULL),
(259, 9, 7933, 'Fabricio', 'Coloccini', 'Fabricio Coloccini', 'Defender', 'Central Defender', 'Centre', 2, 63, 183, NULL, NULL, 'Argentina', NULL),
(260, 9, 55604, 'Davide', 'Santon', 'Davide Santon', 'Defender', 'Full Back', 'Left/Right', 3, 77, 187, NULL, NULL, 'Italy', NULL),
(261, 9, 40725, 'Danny', 'Simpson', 'Danny Simpson', 'Defender', 'Full Back', 'Right', 5, 74, 178, NULL, NULL, 'England', NULL),
(262, 9, 11378, 'Michael', 'Williamson', 'Michael Williamson', 'Defender', 'Central Defender', 'Centre', 6, 84, 191, NULL, NULL, 'England', NULL),
(263, 9, 44488, 'Mapou', 'Yanga-Mbiwa', 'Mapou Yanga-Mbiwa', 'Defender', 'Central Defender', 'Centre/Right', 13, 77, 184, NULL, NULL, 'France', NULL),
(264, 9, 18846, 'James', 'Perch', 'James Perch', 'Defender', 'Central Defender', 'Left/Centre/Right', 14, 72, 180, NULL, NULL, 'England', NULL),
(265, 9, 14775, 'Ryan', 'Taylor', 'Ryan Taylor', 'Defender', 'Full Back', 'Left/Right', 16, 75, 173, NULL, NULL, 'England', NULL),
(266, 9, 92170, 'Massadio', 'Haidara', 'Massadio Haidara', 'Defender', 'Full Back', 'Left', 19, 76, 181, NULL, NULL, 'France', NULL),
(267, 9, 27334, 'Mathieu', 'Debuchy', 'Mathieu Debuchy', 'Defender', 'Full Back', 'Right', 26, 76, 177, NULL, NULL, 'France', NULL),
(268, 9, 17974, 'Steven', 'Taylor', 'Steven Taylor', 'Defender', 'Central Defender', 'Centre', 27, 81, 188, NULL, NULL, 'England', NULL),
(269, 9, 124584, 'Curtis', 'Good', 'Curtis Good', 'Defender', 'Central Defender', 'Left/Centre', 33, 85, 187, NULL, NULL, 'Australia', NULL),
(270, 9, 77816, 'James', 'Tavernier', 'James Tavernier', 'Defender', 'Central Defender', 'Left/Centre/Right', 34, 75, 182, NULL, NULL, 'England', NULL),
(271, 9, 149465, 'Remie', 'Streete', 'Remie Streete', 'Defender', NULL, NULL, 44, 83, 187, NULL, NULL, 'England', NULL),
(272, 9, 27341, 'Yohan', 'Cabaye', 'Yohan Cabaye', 'Midfielder', 'Central Midfielder', 'Centre', 4, 71, 175, NULL, NULL, 'France', NULL),
(273, 9, 45268, 'Moussa', 'Sissoko', 'Moussa Sissoko', 'Midfielder', 'Attacking Midfielder', 'Left/Centre/Right', 7, 83, 187, NULL, NULL, 'France', NULL),
(274, 9, 40799, 'Vurnon', 'Anita', 'Vurnon Anita', 'Midfielder', 'Defensive Midfielder', 'Left/Centre/Right', 8, 63, 168, NULL, NULL, 'Netherlands', NULL),
(275, 9, 18753, 'Hatem', 'Ben Arfa', 'Hatem Ben Arfa', 'Midfielder', 'Attacking Midfielder', 'Left/Centre/Right', 10, 69, 177, NULL, NULL, 'France', NULL),
(276, 9, 40387, 'Dan', 'Gosling', 'Dan Gosling', 'Midfielder', 'Central Midfielder', 'Right', 15, 71, 178, NULL, NULL, 'England', NULL),
(277, 9, 86158, 'Romain', 'Amalfitano', 'Romain Amalfitano', 'Midfielder', 'Attacking Midfielder', 'Centre/Right', 17, 69, 175, NULL, NULL, 'France', NULL),
(278, 9, 21060, 'Jonás', 'Gutiérrez', 'Jonás Gutiérrez', 'Midfielder', 'Attacking Midfielder', 'Left/Right', 18, 73, 183, NULL, NULL, 'Argentina', NULL),
(279, 9, 87112, 'Gael', 'Bigirimana', 'Gael Bigirimana', 'Midfielder', 'Central Midfielder', 'Centre', 20, 68, 173, NULL, NULL, 'Burundi', NULL),
(280, 9, 37939, 'Sylvain', 'Marveaux', 'Sylvain Marveaux', 'Midfielder', 'Winger', 'Left/Right', 22, 66, 172, NULL, NULL, 'France', NULL),
(281, 9, 28301, 'Cheik Ismael', 'Tioté', 'Cheik Tioté', 'Midfielder', 'Defensive Midfielder', 'Centre', 24, 76, 175, NULL, NULL, 'Côte d''Ivoire', NULL),
(282, 9, 38429, 'Gabriel', 'Obertan', 'Gabriel Obertan', 'Midfielder', 'Winger', 'Left/Right', 25, 79, 186, NULL, NULL, 'France', NULL),
(283, 9, 59304, 'Haris', 'Vuckic', 'Haris Vuckic', 'Midfielder', 'Attacking Midfielder', 'Centre', 29, 78, 189, NULL, NULL, 'Slovenia', NULL),
(284, 9, 42758, 'Papiss Demba', 'Cissé', 'Papiss Demba Cissé', 'Forward', 'Striker', 'Centre', 9, 73, 183, NULL, NULL, 'Senegal', NULL),
(285, 9, 42727, 'Yoan', 'Gouffran', 'Yoan Gouffran', 'Forward', 'Second Striker', 'Centre/Right', 11, 76, 176, NULL, NULL, 'France', NULL),
(286, 9, 6240, 'Shola', 'Ameobi', 'Shola Ameobi', 'Forward', 'Striker', 'Centre', 23, 76, 191, NULL, NULL, 'Nigeria', NULL),
(287, 9, 56239, 'Nile', 'Ranger', 'Nile Ranger', 'Forward', 'Striker', 'Centre', 30, 78, 187, NULL, NULL, 'England', NULL),
(288, 9, 132931, 'Adam', 'Campbell', 'Adam Campbell', 'Forward', 'Striker', 'Centre', 49, 57, 170, NULL, NULL, 'England', NULL),
(289, 10, 19236, 'John', 'Ruddy', 'John Ruddy', 'Goalkeeper', 'Goalkeeper', NULL, 1, 97, 193, NULL, NULL, 'England', NULL),
(290, 10, 10954, 'Mark', 'Bunn', 'Mark Bunn', 'Goalkeeper', 'Goalkeeper', NULL, 28, 77, 183, NULL, NULL, 'England', NULL),
(291, 10, 79852, 'Jed', 'Steer', 'Jed Steer', 'Goalkeeper', 'Goalkeeper', NULL, 31, 89, 188, NULL, NULL, 'England', NULL),
(292, 10, 15904, 'Lee', 'Camp', 'Lee Camp', 'Goalkeeper', 'Goalkeeper', NULL, 42, 74, 183, NULL, NULL, 'Northern Ireland', NULL),
(293, 10, 19341, 'Russell', 'Martin', 'Russell Martin', 'Defender', 'Full Back', 'Right', 2, 74, 183, NULL, NULL, 'Scotland', NULL),
(294, 10, 13164, 'Steven', 'Whittaker', 'Steven Whittaker', 'Defender', 'Full Back', 'Right', 3, 87, 185, NULL, NULL, 'Scotland', NULL),
(295, 10, 42744, 'Sébastien', 'Bassong', 'Sébastien Bassong', 'Defender', 'Central Defender', 'Centre', 5, 73, 187, NULL, NULL, 'Cameroon', NULL),
(296, 10, 15864, 'Michael', 'Turner', 'Michael Turner', 'Defender', 'Central Defender', 'Centre', 6, 84, 193, NULL, NULL, 'England', NULL),
(297, 10, 17271, 'Javier', 'Garrido', 'Javier Garrido', 'Defender', 'Full Back', 'Left', 18, 75, 178, NULL, NULL, 'Spain', NULL),
(298, 10, 15201, 'Leon', 'Barnett', 'Leon Barnett', 'Defender', 'Central Defender', 'Centre', 20, 71, 185, NULL, NULL, 'England', NULL),
(299, 10, 19124, 'Marc', 'Tierney', 'Marc Tierney', 'Defender', 'Full Back', 'Left', 23, 71, 184, NULL, NULL, 'England', NULL),
(300, 10, 41727, 'Ryan', 'Bennett', 'Ryan Bennett', 'Defender', 'Central Defender', 'Centre', 24, 70, 188, NULL, NULL, 'England', NULL),
(301, 10, 78472, 'George', 'Francomb', 'George Francomb', 'Defender', 'Full Back', 'Right', 33, 75, 180, NULL, NULL, 'England', NULL),
(302, 10, 19569, 'Bradley', 'Johnson', 'Bradley Johnson', 'Midfielder', 'Central Midfielder', 'Centre', 4, 68, 178, NULL, NULL, 'England', NULL),
(303, 10, 38297, 'Jonathan', 'Howson', 'Jonathan Howson', 'Midfielder', 'Central Midfielder', 'Centre', 8, 77, 180, NULL, NULL, 'England', NULL),
(304, 10, 15237, 'Andrew', 'Surman', 'Andrew Surman', 'Midfielder', 'Attacking Midfielder', 'Centre', 11, 73, 180, NULL, NULL, 'England', NULL),
(305, 10, 40451, 'Anthony', 'Pilkington', 'Anthony Pilkington', 'Midfielder', 'Winger', 'Left/Right', 12, 76, 180, NULL, NULL, 'Republic of Ireland', NULL),
(306, 10, 28499, 'Wes', 'Hoolahan', 'Wes Hoolahan', 'Midfielder', 'Central Midfielder', 'Left', 14, 71, 168, NULL, NULL, 'Republic of Ireland', NULL),
(307, 10, 17812, 'David', 'Fox', 'David Fox', 'Midfielder', 'Central Midfielder', 'Centre', 15, 77, 175, NULL, NULL, 'England', NULL),
(308, 10, 41262, 'Elliott', 'Bennett', 'Elliott Bennett', 'Midfielder', 'Winger', 'Right', 17, 69, 175, NULL, NULL, 'England', NULL),
(309, 10, 18665, 'Alexander', 'Tettey', 'Alexander Tettey', 'Midfielder', 'Defensive Midfielder', 'Centre', 27, 68, 180, NULL, NULL, 'Norway', NULL),
(310, 10, 114245, 'Josh', 'Murphy', 'Josh Murphy', 'Midfielder', 'Winger', 'Left', 34, 67, 173, NULL, NULL, 'England', NULL),
(311, 10, 18987, 'Robert', 'Snodgrass', 'Robert Snodgrass', 'Forward', 'Striker', 'Centre', 7, 82, 182, NULL, NULL, 'Scotland', NULL),
(312, 10, 5741, 'Grant', 'Holt', 'Grant Holt', 'Forward', 'Striker', 'Centre', 9, 77, 183, NULL, NULL, 'England', NULL),
(313, 10, 19321, 'Simeon', 'Jackson', 'Simeon Jackson', 'Forward', 'Striker', 'Centre', 10, 72, 170, NULL, NULL, 'Canada', NULL),
(314, 10, 19791, 'Luciano', 'Becchio', 'Luciano Becchio', 'Forward', 'Striker', 'Centre', 19, 86, 187, NULL, NULL, 'Argentina', NULL),
(315, 10, 39776, 'Chris', 'Martin', 'Chris Martin', 'Forward', 'Striker', 'Centre', 25, 73, 178, NULL, NULL, 'England', NULL),
(316, 11, 1243, 'Robert', 'Green', 'Robert Green', 'Goalkeeper', 'Goalkeeper', NULL, 1, 93, 187, NULL, NULL, 'England', NULL),
(317, 11, 4202, 'Radek', 'Cerny', 'Radek Cerny', 'Goalkeeper', 'Goalkeeper', NULL, 24, 85, 191, NULL, NULL, 'Czech Republic', NULL),
(318, 11, 10589, 'Brian', 'Murphy', 'Brian Murphy', 'Goalkeeper', 'Goalkeeper', NULL, 26, 83, 183, NULL, NULL, 'Republic of Ireland', NULL),
(319, 11, 19928, 'Julio', 'César', 'Julio César', 'Goalkeeper', 'Goalkeeper', NULL, 33, 79, 186, NULL, NULL, 'Brazil', NULL),
(320, 11, 20488, 'Armand', 'Traore', 'Armand Traore', 'Defender', 'Full Back', 'Left', 3, 81, 185, NULL, NULL, 'Senegal', NULL),
(321, 11, 20359, 'Christopher', 'Samba', 'Christopher Samba', 'Defender', 'Central Defender', 'Centre', 5, 84, 196, NULL, NULL, 'Congo', NULL),
(322, 11, 1216, 'Clint', 'Hill', 'Clint Hill', 'Defender', 'Central Defender', 'Centre', 6, 73, 183, NULL, NULL, 'England', NULL),
(323, 11, 77875, 'Suk-Young', 'Yun', 'Yun Suk-Young', 'Defender', 'Full Back', 'Left', 13, 74, 182, NULL, NULL, 'South Korea', NULL),
(324, 11, 19053, 'Nedum', 'Onuoha', 'Nedum Onuoha', 'Defender', 'Central Defender', 'Centre', 15, 94, 183, NULL, NULL, 'England', NULL),
(325, 11, 11278, 'José', 'Bosingwa', 'José Bosingwa', 'Defender', 'Full Back', 'Right', 19, 75, 183, NULL, NULL, 'Portugal', NULL),
(326, 11, 54771, 'Fabio Pereira', 'da Silva', 'Fabio', 'Defender', 'Full Back', 'Left/Right', 20, 65, 172, NULL, NULL, 'Brazil', NULL),
(327, 11, 16037, 'Tal', 'Ben Haim', 'Tal Ben Haim', 'Defender', 'Central Defender', 'Centre', 21, 74, 183, NULL, NULL, 'Israel', NULL),
(328, 11, 1930, 'Luke', 'Young', 'Luke Young', 'Defender', 'Full Back', 'Left/Right', 38, 77, 183, NULL, NULL, 'England', NULL),
(329, 11, 103109, 'Sam', 'Magri', 'Sam Magri', 'Defender', 'Central Defender', 'Centre/Right', 39, 76, 184, NULL, NULL, 'England', NULL),
(330, 11, 27671, 'Stéphane', 'Mbia', 'Stéphane Mbia', 'Defender', 'Central Defender', 'Centre', 40, 82, 189, NULL, NULL, 'Cameroon', NULL),
(331, 11, 80442, 'Samba', 'Diakité', 'Samba Diakité', 'Midfielder', 'Defensive Midfielder', 'Centre', 2, 76, 186, NULL, NULL, 'Mali', NULL),
(332, 11, 1420, 'Shaun', 'Derry', 'Shaun Derry', 'Midfielder', 'Central Midfielder', 'Centre', 4, 82, 183, NULL, NULL, 'England', NULL),
(333, 11, 12882, 'Ji-Sung', 'Park', 'Park Ji-Sung', 'Midfielder', 'Winger', 'Left/Right', 7, 72, 175, NULL, NULL, 'South Korea', NULL),
(334, 11, 39765, 'Adel', 'Taarabt', 'Adel Taarabt', 'Midfielder', 'Attacking Midfielder', 'Centre', 10, 69, 180, NULL, NULL, 'Morocco', NULL),
(335, 11, 1212, 'Shaun', 'Wright-Phillips', 'Shaun Wright-Phillips', 'Midfielder', 'Winger', 'Right', 11, 64, 168, NULL, NULL, 'England', NULL),
(336, 11, 19196, 'Jamie', 'Mackie', 'Jamie Mackie', 'Midfielder', 'Winger', 'Right', 12, 71, 173, NULL, NULL, 'Scotland', NULL),
(337, 11, 46998, 'Esteban', 'Granero', 'Esteban Granero', 'Midfielder', 'Central Midfielder', 'Centre/Right', 14, 75, 180, NULL, NULL, 'Spain', NULL),
(338, 11, 10451, 'Jermaine', 'Jenas', 'Jermaine Jenas', 'Midfielder', 'Central Midfielder', 'Centre', 16, 73, 180, NULL, NULL, 'England', NULL),
(339, 11, 49806, 'Junior', 'Hoilett', 'Junior Hoilett', 'Midfielder', 'Second Striker', 'Left/Centre/Right', 23, 70, 173, NULL, NULL, 'Canada', NULL),
(340, 11, 60252, 'Andros', 'Townsend', 'Andros Townsend', 'Midfielder', 'Winger', 'Left', 29, 81, 181, NULL, NULL, 'England', NULL),
(341, 11, 151453, 'Frankie', 'Sutherland', 'Frankie Sutherland', 'Midfielder', 'Central Midfielder', 'Centre', 30, 75, 177, NULL, NULL, 'Republic of Ireland', NULL),
(342, 11, 1195, 'Andrew', 'Johnson', 'Andrew Johnson', 'Forward', 'Striker', 'Centre', 8, 64, 175, NULL, NULL, 'England', NULL),
(343, 11, 38419, 'Loïc', 'Remy', 'Loïc Remy', 'Forward', 'Striker', 'Centre', 18, 80, 185, NULL, NULL, 'France', NULL),
(344, 11, 4570, 'Bobby', 'Zamora', 'Bobby Zamora', 'Forward', 'Striker', 'Centre', 25, 75, 185, NULL, NULL, 'England', NULL),
(345, 11, 4255, 'Jay', 'Bothroyd', 'Jay Bothroyd', 'Forward', 'Striker', 'Centre', 37, 82, 191, NULL, NULL, 'England', NULL),
(346, 11, 19645, 'DJ', 'Campbell', 'DJ Campbell', 'Forward', 'Striker', 'Centre', 39, 72, 178, NULL, NULL, 'England', NULL),
(347, 12, 15885, 'Adam', 'Federici', 'Adam Federici', 'Goalkeeper', 'Goalkeeper', NULL, 1, 90, 188, NULL, NULL, 'Australia', NULL),
(348, 12, 58376, 'Alex', 'McCarthy', 'Alex McCarthy', 'Goalkeeper', 'Goalkeeper', NULL, 21, 79, 193, NULL, NULL, 'England', NULL),
(349, 12, 40690, 'Mikkel', 'Andersen', 'Mikkel Andersen', 'Goalkeeper', 'Goalkeeper', NULL, 31, 80, 195, NULL, NULL, 'Denmark', NULL),
(350, 12, 3201, 'Stuart', 'Taylor', 'Stuart Taylor', 'Goalkeeper', 'Goalkeeper', NULL, 41, 85, 198, NULL, NULL, 'England', NULL),
(351, 12, 155467, 'Jonathan', 'Henley', 'Jonathan Henley', 'Goalkeeper', 'Goalkeeper', NULL, 42, 83, 193, NULL, NULL, 'England', NULL),
(352, 12, 39262, 'Chris', 'Gunter', 'Chris Gunter', 'Defender', 'Full Back', 'Left/Right', 2, 71, 180, NULL, NULL, 'Wales', NULL),
(353, 12, 5750, 'Nicky', 'Shorey', 'Nicky Shorey', 'Defender', 'Full Back', 'Left', 3, 67, 175, NULL, NULL, 'England', NULL),
(354, 12, 40546, 'Alex', 'Pearce', 'Alex Pearce', 'Defender', 'Central Defender', 'Left/Centre', 5, 78, 183, NULL, NULL, 'Republic of Ireland', NULL),
(355, 12, 20145, 'Adrian', 'Mariappa', 'Adrian Mariappa', 'Defender', 'Central Defender', 'Centre', 6, 70, 180, NULL, NULL, 'Jamaica', NULL),
(356, 12, 49982, 'Sean', 'Morrison', 'Sean Morrison', 'Defender', 'Central Defender', 'Centre', 15, 89, 193, NULL, NULL, 'England', NULL),
(357, 12, 160, 'Ian', 'Harte', 'Ian Harte', 'Defender', 'Full Back', 'Left', 23, 78, 175, NULL, NULL, 'Republic of Ireland', NULL),
(358, 12, 54757, 'Shaun', 'Cummings', 'Shaun Cummings', 'Defender', 'Full Back', 'Right', 24, 79, 183, NULL, NULL, 'England', NULL),
(359, 12, 9493, 'Stephen', 'Kelly', 'Stephen Kelly', 'Defender', 'Full Back', 'Right', 27, 82, 184, NULL, NULL, 'Republic of Ireland', NULL),
(360, 12, 46479, 'Daniel', 'Carrico', 'Daniel Carrico', 'Defender', 'Central Defender', 'Centre', 29, 75, 180, NULL, NULL, 'Portugal', NULL),
(361, 12, 112763, 'Pierce', 'Sweeney', 'Pierce Sweeney', 'Defender', 'Central Defender', 'Centre', 47, 80, 183, NULL, NULL, 'Republic of Ireland', NULL),
(362, 12, 48886, 'Jem', 'Karacan', 'Jem Karacan', 'Midfielder', 'Central Midfielder', 'Centre/Right', 4, 65, 178, NULL, NULL, 'Turkey', NULL),
(363, 12, 11212, 'Mikele', 'Leigertwood', 'Mikele Leigertwood', 'Midfielder', 'Defensive Midfielder', 'Centre', 8, 78, 188, NULL, NULL, 'Antigua & Barbuda', NULL),
(364, 12, 10949, 'Jobi', 'McAnuff', 'Jobi McAnuff', 'Midfielder', 'Winger', 'Left/Right', 11, 72, 180, NULL, NULL, 'Jamaica', NULL),
(365, 12, 49949, 'Garath', 'McCleary', 'Garath McCleary', 'Midfielder', 'Winger', 'Right', 12, 73, 178, NULL, NULL, 'Jamaica', NULL),
(366, 12, 28145, 'Jimmy', 'Kébé', 'Jimmy Kébé', 'Midfielder', 'Winger', 'Left/Right', 14, 73, 187, NULL, NULL, 'Mali', NULL);
INSERT INTO `player` (`id`, `team_id`, `feeder_id`, `name`, `surname`, `display_name`, `position`, `real_position`, `real_position_side`, `shirt_number`, `weight`, `height`, `birth_date`, `join_date`, `country`, `image_path`) VALUES
(367, 12, 49440, 'Hal', 'Robson-Kanu', 'Hal Robson-Kanu', 'Midfielder', 'Winger', 'Left/Right', 19, 74, 170, NULL, NULL, 'Wales', NULL),
(368, 12, 37639, 'Danny', 'Guthrie', 'Danny Guthrie', 'Midfielder', 'Central Midfielder', 'Centre', 20, 73, 170, NULL, NULL, 'England', NULL),
(369, 12, 78270, 'Hope', 'Akpan', 'Hope Akpan', 'Midfielder', 'Central Midfielder', 'Centre', 28, 77, 182, NULL, NULL, 'England', NULL),
(370, 12, 87170, 'Jordan', 'Obita', 'Jordan Obita', 'Midfielder', 'Winger', 'Right', 37, 73, 180, NULL, NULL, 'England', NULL),
(371, 12, 39439, 'Pavel', 'Pogrebnyak', 'Pavel Pogrebnyak', 'Forward', 'Striker', 'Centre', 7, 91, 188, NULL, NULL, 'Russia', NULL),
(372, 12, 19163, 'Adam', 'Le Fondre', 'Adam Le Fondre', 'Forward', 'Striker', 'Centre', 9, 73, 180, NULL, NULL, 'England', NULL),
(373, 12, 15729, 'Noel', 'Hunt', 'Noel Hunt', 'Forward', 'Striker', 'Centre', 10, 72, 173, NULL, NULL, 'Republic of Ireland', NULL),
(374, 12, 47393, 'Simon', 'Church', 'Simon Church', 'Forward', 'Striker', 'Centre', 18, 84, 183, NULL, NULL, 'Wales', NULL),
(375, 12, 57999, 'Nicholas', 'Bignall', 'Nicholas Bignall', 'Forward', 'Striker', 'Centre', 22, 71, 178, NULL, NULL, 'England', NULL),
(376, 12, 40501, 'Nick', 'Blackman', 'Nick Blackman', 'Forward', 'Striker', 'Centre', 30, 74, 188, NULL, NULL, 'England', NULL),
(377, 12, 3118, 'Jason', 'Roberts', 'Jason Roberts', 'Forward', 'Striker', 'Centre', 33, 79, 185, NULL, NULL, 'Grenada', NULL),
(378, 12, 148418, 'Dominic', 'Samuel', 'Dominic Samuel', 'Forward', 'Striker', 'Centre', 44, 89, 182, NULL, NULL, 'England', NULL),
(379, 12, 106179, 'Gozie', 'Ugwu', 'Gozie Ugwu', 'Forward', 'Striker', 'Centre', 49, 76, 187, NULL, NULL, 'England', NULL),
(380, 13, 3673, 'Kelvin', 'Davis', 'Kelvin Davis', 'Goalkeeper', 'Goalkeeper', NULL, 1, 74, 185, NULL, NULL, 'England', NULL),
(381, 13, 102884, 'Paulo', 'Gazzaniga', 'Paulo Gazzaniga', 'Goalkeeper', 'Goalkeeper', NULL, 12, 90, 196, NULL, NULL, 'Argentina', NULL),
(382, 13, 101135, 'Cody', 'Cropper', 'Cody Cropper', 'Goalkeeper', 'Goalkeeper', NULL, 30, 91, 191, NULL, NULL, 'USA', NULL),
(383, 13, 18726, 'Artur', 'Boruc', 'Artur Boruc', 'Goalkeeper', 'Goalkeeper', NULL, 31, 89, 193, NULL, NULL, 'Poland', NULL),
(384, 13, 57328, 'Nathaniel', 'Clyne', 'Nathaniel Clyne', 'Defender', 'Full Back', 'Right', 2, 67, 175, NULL, NULL, 'England', NULL),
(385, 13, 80447, 'Maya', 'Yoshida', 'Maya Yoshida', 'Defender', 'Central Defender', 'Centre', 3, 78, 186, NULL, NULL, 'Japan', NULL),
(386, 13, 15976, 'Jos', 'Hooiveld', 'Jos Hooiveld', 'Defender', 'Central Defender', 'Centre', 5, 86, 193, NULL, NULL, 'Netherlands', NULL),
(387, 13, 38580, 'Jose', 'Fonte', 'Jose Fonte', 'Defender', 'Central Defender', 'Centre', 6, 81, 187, NULL, NULL, 'Portugal', NULL),
(388, 13, 18421, 'Daniel', 'Fox', 'Daniel Fox', 'Defender', 'Full Back', 'Left', 13, 79, 183, NULL, NULL, 'Scotland', NULL),
(389, 13, 61855, 'Vegard', 'Forren', 'Vegard Forren', 'Defender', 'Central Defender', 'Centre', 15, 85, 186, NULL, NULL, 'Norway', NULL),
(390, 13, 12092, 'Frazer', 'Richardson', 'Frazer Richardson', 'Defender', 'Full Back', 'Right', 22, 75, 180, NULL, NULL, 'England', NULL),
(391, 13, 106760, 'Luke', 'Shaw', 'Luke Shaw', 'Defender', 'Full Back', 'Left', 23, 75, 185, NULL, NULL, 'England', NULL),
(392, 13, 88900, 'Jack', 'Stephens', 'Jack Stephens', 'Defender', 'Full Back', 'Centre/Right', 26, 75, 185, NULL, NULL, 'England', NULL),
(393, 13, 42774, 'Morgan', 'Schneiderlin', 'Morgan Schneiderlin', 'Midfielder', 'Defensive Midfielder', 'Centre', 4, 75, 181, NULL, NULL, 'France', NULL),
(394, 13, 17339, 'Steven', 'Davis', 'Steven Davis', 'Midfielder', 'Central Midfielder', 'Centre/Right', 8, 70, 173, NULL, NULL, 'Northern Ireland', NULL),
(395, 13, 78091, 'Gastón', 'Ramírez', 'Gastón Ramírez', 'Midfielder', 'Attacking Midfielder', 'Left/Centre/Right', 10, 77, 183, NULL, NULL, 'Uruguay', NULL),
(396, 13, 101178, 'James', 'Ward-Prowse', 'James Ward-Prowse', 'Midfielder', 'Central Midfielder', 'Centre', 16, 66, 173, NULL, NULL, 'England', NULL),
(397, 13, 40145, 'Jack', 'Cork', 'Jack Cork', 'Midfielder', 'Central Midfielder', 'Centre', 18, 70, 183, NULL, NULL, 'England', NULL),
(398, 13, 39155, 'Adam', 'Lallana', 'Adam Lallana', 'Midfielder', 'Attacking Midfielder', 'Left/Centre', 20, 73, 173, NULL, NULL, 'England', NULL),
(399, 13, 101184, 'Calum', 'Chambers', 'Calum Chambers', 'Midfielder', 'Winger', 'Right', 28, 66, 183, NULL, NULL, 'England', NULL),
(400, 13, 53058, 'Steve', 'De Ridder', 'Steve De Ridder', 'Midfielder', 'Winger', 'Left/Right', 33, 73, 179, NULL, NULL, 'Belgium', NULL),
(401, 13, 101183, 'Corby', 'Moore', 'Corby Moore', 'Midfielder', 'Central Midfielder', 'Centre', 34, 64, 173, NULL, NULL, 'England', NULL),
(402, 13, 133639, 'Dominic', 'Gape', 'Dominic Gape', 'Midfielder', 'Central Midfielder', 'Centre', 37, 70, 180, NULL, NULL, 'England', NULL),
(403, 13, 133640, 'Andy', 'Robinson', 'Andy Robinson', 'Midfielder', 'Central Midfielder', 'Centre', 38, 64, 173, NULL, NULL, 'England', NULL),
(404, 13, 101179, 'Lloyd', 'Isgrove', 'Lloyd Isgrove', 'Midfielder', NULL, NULL, 39, 72, 178, NULL, NULL, 'England', NULL),
(405, 13, 19197, 'Jason', 'Puncheon', 'Jason Puncheon', 'Midfielder', 'Attacking Midfielder', 'Left/Centre/Right', 42, 70, 173, NULL, NULL, 'England', NULL),
(406, 13, 11037, 'Rickie', 'Lambert', 'Rickie Lambert', 'Forward', 'Striker', 'Centre', 7, 77, 188, NULL, NULL, 'England', NULL),
(407, 13, 44683, 'Jay', 'Rodriguez', 'Jay Rodriguez', 'Forward', 'Striker', 'Centre', 9, 80, 185, NULL, NULL, 'England', NULL),
(408, 13, 17291, 'Guilherme', 'Do Prado', 'Guly', 'Forward', 'Second Striker', 'Left/Centre/Right', 21, 78, 189, NULL, NULL, 'Brazil', NULL),
(409, 13, 49596, 'Emmanuel', 'Mayuka', 'Emmanuel Mayuka', 'Forward', 'Striker', 'Centre', 24, 75, 178, NULL, NULL, 'Zambia', NULL),
(410, 13, 129024, 'Jake', 'Sinclair', 'Jake Sinclair', 'Forward', 'Striker', 'Centre', 36, 70, 170, NULL, NULL, 'England', NULL),
(411, 14, 40349, 'Asmir', 'Begovic', 'Asmir Begovic', 'Goalkeeper', 'Goalkeeper', NULL, 1, 83, 198, NULL, NULL, 'Bosnia and Herzegovina', NULL),
(412, 14, 1362, 'Carlo', 'Nash', 'Carlo Nash', 'Goalkeeper', 'Goalkeeper', NULL, 27, 89, 196, NULL, NULL, 'England', NULL),
(413, 14, 1945, 'Thomas', 'Sørensen', 'Thomas Sørensen', 'Goalkeeper', 'Goalkeeper', NULL, 29, 82, 195, NULL, NULL, 'Denmark', NULL),
(414, 14, 50089, 'Geoff', 'Cameron', 'Geoff Cameron', 'Defender', 'Central Defender', 'Centre', 2, 84, 191, NULL, NULL, 'USA', NULL),
(415, 14, 12413, 'Robert', 'Huth', 'Robert Huth', 'Defender', 'Central Defender', 'Centre/Right', 4, 80, 191, NULL, NULL, 'Germany', NULL),
(416, 14, 32318, 'Marc', 'Wilson', 'Marc Wilson', 'Defender', 'Full Back', 'Left/Right', 12, 80, 188, NULL, NULL, 'Republic of Ireland', NULL),
(417, 14, 37869, 'Ryan', 'Shawcross', 'Ryan Shawcross', 'Defender', 'Central Defender', 'Centre', 17, 76, 191, NULL, NULL, 'England', NULL),
(418, 14, 19714, 'Andy', 'Wilkinson', 'Andy Wilkinson', 'Defender', 'Full Back', 'Right', 28, 69, 180, NULL, NULL, 'England', NULL),
(419, 14, 45158, 'Ryan', 'Shotton', 'Ryan Shotton', 'Defender', 'Central Defender', 'Centre', 30, 85, 191, NULL, NULL, 'England', NULL),
(420, 14, 12150, 'Glenn', 'Whelan', 'Glenn Whelan', 'Midfielder', 'Central Midfielder', 'Centre', 6, 79, 180, NULL, NULL, 'Republic of Ireland', NULL),
(421, 14, 3658, 'Jermaine', 'Pennant', 'Jermaine Pennant', 'Midfielder', 'Winger', 'Right', 7, 64, 173, NULL, NULL, 'England', NULL),
(422, 14, 34296, 'Wilson', 'Palacios', 'Wilson Palacios', 'Midfielder', 'Defensive Midfielder', 'Centre', 8, 71, 178, NULL, NULL, 'Honduras', NULL),
(423, 14, 59305, 'Jamie', 'Ness', 'Jamie Ness', 'Midfielder', 'Central Midfielder', 'Centre', 14, 70, 177, NULL, NULL, 'Scotland', NULL),
(424, 14, 49323, 'Steven', 'N''Zonzi', 'Steven N''Zonzi', 'Midfielder', 'Defensive Midfielder', 'Centre', 15, 75, 190, NULL, NULL, 'France', NULL),
(425, 14, 20208, 'Charlie', 'Adam', 'Charlie Adam', 'Midfielder', 'Central Midfielder', 'Centre', 16, 83, 185, NULL, NULL, 'Scotland', NULL),
(426, 14, 5589, 'Dean', 'Whitehead', 'Dean Whitehead', 'Midfielder', 'Central Midfielder', 'Centre/Right', 18, 77, 180, NULL, NULL, 'England', NULL),
(427, 14, 15944, 'Michael', 'Kightly', 'Michael Kightly', 'Midfielder', 'Winger', 'Left/Right', 21, 63, 175, NULL, NULL, 'England', NULL),
(428, 14, 50067, 'Brek', 'Shea', 'Brek Shea', 'Midfielder', 'Winger', 'Left', 22, 82, 191, NULL, NULL, 'USA', NULL),
(429, 14, 1679, 'Rory', 'Delap', 'Rory Delap', 'Midfielder', 'Central Midfielder', 'Centre/Right', 24, 74, 183, NULL, NULL, 'Republic of Ireland', NULL),
(430, 14, 2570, 'Matthew', 'Etherington', 'Matthew Etherington', 'Midfielder', 'Winger', 'Left', 26, 67, 178, NULL, NULL, 'England', NULL),
(431, 14, 109968, 'Michael', 'Clarkson', 'Michael Clarkson', 'Midfielder', 'Central Midfielder', 'Centre', 41, 80, 180, NULL, NULL, 'England', NULL),
(432, 14, 109966, 'Lucas', 'Dawson', 'Lucas Dawson', 'Midfielder', 'Winger', 'Left/Right', 44, 75, 186, NULL, NULL, 'England', NULL),
(433, 14, 18215, 'Kenwyne', 'Jones', 'Kenwyne Jones', 'Forward', 'Striker', 'Centre', 9, 84, 188, NULL, NULL, 'Trinidad & Tobago', NULL),
(434, 14, 1795, 'Michael', 'Owen', 'Michael Owen', 'Forward', 'Striker', 'Centre', 10, 70, 173, NULL, NULL, 'England', NULL),
(435, 14, 12813, 'Jonathan', 'Walters', 'Jonathan Walters', 'Forward', 'Winger', 'Right', 19, 79, 183, NULL, NULL, 'Republic of Ireland', NULL),
(436, 14, 3773, 'Peter', 'Crouch', 'Peter Crouch', 'Forward', 'Striker', 'Centre', 25, 75, 201, NULL, NULL, 'England', NULL),
(437, 14, 18804, 'Cameron', 'Jerome', 'Cameron Jerome', 'Forward', 'Striker', 'Centre', 33, 85, 185, NULL, NULL, 'England', NULL),
(438, 15, 20531, 'Keiren', 'Westwood', 'Keiren Westwood', 'Goalkeeper', 'Goalkeeper', NULL, 20, 86, 188, NULL, NULL, 'Republic of Ireland', NULL),
(439, 15, 66797, 'Simon', 'Mignolet', 'Simon Mignolet', 'Goalkeeper', 'Goalkeeper', NULL, 22, 87, 193, NULL, NULL, 'Belgium', NULL),
(440, 15, 17997, 'Phillip', 'Bardsley', 'Phillip Bardsley', 'Defender', 'Full Back', 'Right', 2, 74, 180, NULL, NULL, 'Scotland', NULL),
(441, 15, 38290, 'Danny', 'Rose', 'Danny Rose', 'Defender', 'Wing Back', NULL, 3, 72, 173, NULL, NULL, 'England', NULL),
(442, 15, 1841, 'Wes', 'Brown', 'Wes Brown', 'Defender', 'Central Defender', 'Centre/Right', 5, 77, 185, NULL, NULL, 'England', NULL),
(443, 15, 14919, 'Matthew', 'Kilgallon', 'Matthew Kilgallon', 'Defender', 'Central Defender', 'Centre', 12, 81, 188, NULL, NULL, 'England', NULL),
(444, 15, 3736, 'John', 'O''Shea', 'John O''Shea', 'Defender', 'Central Defender', 'Left/Centre/Right', 16, 75, 191, NULL, NULL, 'Republic of Ireland', NULL),
(445, 15, 43901, 'Kader', 'Mangane', 'Kader Mangane', 'Defender', 'Central Defender', 'Centre', 18, 80, 190, NULL, NULL, 'Senegal', NULL),
(446, 15, 1131, 'Titus', 'Bramble', 'Titus Bramble', 'Defender', 'Central Defender', 'Centre', 19, 86, 185, NULL, NULL, 'England', NULL),
(447, 15, 17468, 'Carlos', 'Cuéllar', 'Carlos Cuéllar', 'Defender', 'Central Defender', 'Centre', 24, 84, 190, NULL, NULL, 'Spain', NULL),
(448, 15, 113994, 'Liam', 'Marrs', 'Liam Marrs', 'Defender', 'Full Back', 'Right', 29, 72, 175, NULL, NULL, 'England', NULL),
(449, 15, 97580, 'Louis', 'Laing', 'Louis Laing', 'Defender', 'Central Defender', 'Centre', 40, 76, 181, NULL, NULL, 'England', NULL),
(450, 15, 108416, 'John', 'Egan', 'John Egan', 'Defender', 'Full Back', 'Left/Right', 42, 75, 185, NULL, NULL, 'Republic of Ireland', NULL),
(451, 15, 49688, 'Alfred', 'N''Diaye', 'Alfred N''Diaye', 'Midfielder', 'Defensive Midfielder', 'Centre', 4, 80, 186, NULL, NULL, 'France', NULL),
(452, 15, 28448, 'Lee', 'Cattermole', 'Lee Cattermole', 'Midfielder', 'Defensive Midfielder', 'Centre', 6, 76, 178, NULL, NULL, 'England', NULL),
(453, 15, 19057, 'Sebastian', 'Larsson', 'Sebastian Larsson', 'Midfielder', 'Central Midfielder', 'Centre/Right', 7, 70, 178, NULL, NULL, 'Sweden', NULL),
(454, 15, 28468, 'Craig', 'Gardner', 'Craig Gardner', 'Midfielder', 'Central Midfielder', 'Centre', 8, 76, 178, NULL, NULL, 'England', NULL),
(455, 15, 58771, 'Jack', 'Colback', 'Jack Colback', 'Midfielder', 'Central Midfielder', 'Centre', 14, 70, 176, NULL, NULL, 'England', NULL),
(456, 15, 7631, 'David', 'Vaughan', 'David Vaughan', 'Midfielder', 'Central Midfielder', 'Left/Centre', 15, 66, 170, NULL, NULL, 'Wales', NULL),
(457, 15, 19959, 'Adam', 'Johnson', 'Adam Johnson', 'Midfielder', 'Winger', 'Left/Right', 21, 63, 175, NULL, NULL, 'England', NULL),
(458, 15, 63370, 'James', 'McClean', 'James McClean', 'Midfielder', 'Winger', 'Left', 23, 68, 175, NULL, NULL, 'Republic of Ireland', NULL),
(459, 15, 34392, 'Stéphane', 'Sessegnon', 'Stéphane Sessegnon', 'Midfielder', 'Attacking Midfielder', 'Centre/Right', 28, 72, 172, NULL, NULL, 'Benin', NULL),
(460, 15, 15398, 'Danny', 'Graham', 'Danny Graham', 'Forward', 'Striker', 'Centre', 9, 87, 183, NULL, NULL, 'England', NULL),
(461, 15, 59125, 'Connor', 'Wickham', 'Connor Wickham', 'Forward', 'Striker', 'Centre', 10, 73, 191, NULL, NULL, 'England', NULL),
(462, 15, 18953, 'Steven', 'Fletcher', 'Steven Fletcher', 'Forward', 'Striker', 'Centre', 26, 76, 186, NULL, NULL, 'Scotland', NULL),
(463, 15, 114312, 'Mikael', 'Mandron', 'Mikael Mandron', 'Forward', 'Striker', 'Centre', 30, 82, 191, NULL, NULL, 'France', NULL),
(464, 15, 113999, 'Jordan', 'Laidler', 'Jordan Laidler', 'Forward', NULL, NULL, 32, NULL, NULL, NULL, NULL, 'England', NULL),
(465, 15, 80061, 'Ryan', 'Noble', 'Ryan Noble', 'Forward', 'Striker', 'Centre', 33, 66, 180, NULL, NULL, 'England', NULL),
(466, 15, 96114, 'Craig', 'Lynch', 'Craig Lynch', 'Forward', 'Striker', 'Centre', 38, 64, 175, NULL, NULL, 'England', NULL),
(467, 16, 39215, 'Michel', 'Vorm', 'Michel Vorm', 'Goalkeeper', 'Goalkeeper', NULL, 1, 84, 183, NULL, NULL, 'Netherlands', NULL),
(468, 16, 60084, 'David', 'Cornell', 'David Cornell', 'Goalkeeper', 'Goalkeeper', NULL, 13, 73, 180, NULL, NULL, 'Wales', NULL),
(469, 16, 5288, 'Gerhard', 'Tremmel', 'Gerhard Tremmel', 'Goalkeeper', 'Goalkeeper', NULL, 25, 86, 190, NULL, NULL, 'Germany', NULL),
(470, 16, 59940, 'Kyle', 'Bartley', 'Kyle Bartley', 'Defender', 'Central Defender', 'Centre', 2, 76, 185, NULL, NULL, 'England', NULL),
(471, 16, 47390, 'Neil', 'Taylor', 'Neil Taylor', 'Defender', 'Full Back', 'Left', 3, 65, 175, NULL, NULL, 'Wales', NULL),
(472, 16, 53138, 'José Manuel', 'Flores Moreno', 'Chico', 'Defender', 'Central Defender', 'Centre/Right', 4, 77, 187, NULL, NULL, 'Spain', NULL),
(473, 16, 11883, 'Alan', 'Tate', 'Alan Tate', 'Defender', 'Central Defender', 'Centre', 5, 85, 185, NULL, NULL, 'England', NULL),
(474, 16, 19159, 'Ashley', 'Williams', 'Ashley Williams', 'Defender', 'Central Defender', 'Centre', 6, 77, 183, NULL, NULL, 'Wales', NULL),
(475, 16, 1950, 'Garry', 'Monk', 'Garry Monk', 'Defender', 'Central Defender', 'Centre', 16, 81, 183, NULL, NULL, 'England', NULL),
(476, 16, 39221, 'Dwight', 'Tiendalli', 'Dwight Tiendalli', 'Defender', 'Full Back', 'Left', 21, 69, 180, NULL, NULL, 'Netherlands', NULL),
(477, 16, 42996, 'Angel', 'Rangel', 'Angel Rangel', 'Defender', 'Full Back', 'Left', 22, 84, 188, NULL, NULL, 'Spain', NULL),
(478, 16, 80598, 'Darnel', 'Situ', 'Darnel Situ', 'Defender', 'Central Defender', 'Centre', 23, 77, 187, NULL, NULL, 'France', NULL),
(479, 16, 73983, 'Curtis', 'Obeng', 'Curtis Obeng', 'Defender', 'Full Back', 'Right', 28, 67, 173, NULL, NULL, 'England', NULL),
(480, 16, 115556, 'Ben', 'Davies', 'Ben Davies', 'Defender', 'Full Back', 'Left', 33, 67, 170, NULL, NULL, 'Wales', NULL),
(481, 16, 15114, 'Leon', 'Britton', 'Leon Britton', 'Midfielder', 'Attacking Midfielder', 'Left/Centre/Right', 7, 64, 168, NULL, NULL, 'England', NULL),
(482, 16, 54322, 'Miguel', 'Pérez Cuesta', 'Michu', 'Midfielder', 'Attacking Midfielder', 'Left/Centre', 9, 76, 191, NULL, NULL, 'Spain', NULL),
(483, 16, 28690, 'Pablo', 'Hernández', 'Pablo Hernández', 'Midfielder', 'Winger', 'Left/Right', 11, 64, 173, NULL, NULL, 'Spain', NULL),
(484, 16, 21083, 'Nathan', 'Dyer', 'Nathan Dyer', 'Midfielder', 'Winger', 'Right', 12, 60, 165, NULL, NULL, 'England', NULL),
(485, 16, 18681, 'Roland', 'Lamah', 'Roland Lamah', 'Midfielder', 'Winger', 'Left', 14, 71, 180, NULL, NULL, 'Belgium', NULL),
(486, 16, 11829, 'Wayne', 'Routledge', 'Wayne Routledge', 'Midfielder', 'Winger', 'Right', 15, 64, 170, NULL, NULL, 'England', NULL),
(487, 16, 39204, 'Jonathan', 'De Guzmán', 'Jonathan De Guzmán', 'Midfielder', 'Attacking Midfielder', 'Centre', 20, 70, 174, NULL, NULL, 'Netherlands', NULL),
(488, 16, 76542, 'Sung-Yueng', 'Ki', 'Ki Sung-Yueng', 'Midfielder', 'Central Midfielder', 'Centre', 24, 79, 187, NULL, NULL, 'South Korea', NULL),
(489, 16, 39217, 'Kemy', 'Agustien', 'Kemy Agustien', 'Midfielder', 'Central Midfielder', 'Centre', 26, 75, 175, NULL, NULL, 'Netherlands', NULL),
(490, 16, 82055, 'Lee', 'Lucas', 'Lee Lucas', 'Midfielder', 'Central Midfielder', 'Centre', 31, 74, 180, NULL, NULL, 'Wales', NULL),
(491, 16, 113693, 'Kurtis', 'March', 'Kurtis March', 'Midfielder', 'Central Midfielder', 'Centre', 39, 71, 175, NULL, NULL, 'Wales', NULL),
(492, 16, 74363, 'Itay', 'Shechter', 'Itay Shechter', 'Forward', 'Striker', 'Centre', 17, 77, 180, NULL, NULL, 'Israel', NULL),
(493, 16, 15428, 'Luke', 'Moore', 'Luke Moore', 'Forward', 'Striker', 'Centre', 19, 75, 180, NULL, NULL, 'England', NULL),
(494, 16, 89505, 'Rory', 'Donnelly', 'Rory Donnelly', 'Forward', 'Striker', 'Centre', 41, 81, 188, NULL, NULL, 'Northern Ireland', NULL),
(495, 17, 1803, 'Brad', 'Friedel', 'Brad Friedel', 'Goalkeeper', 'Goalkeeper', NULL, 24, 92, 191, NULL, NULL, 'USA', NULL),
(496, 17, 37915, 'Hugo', 'Lloris', 'Hugo Lloris', 'Goalkeeper', 'Goalkeeper', NULL, 25, 73, 188, NULL, NULL, 'France', NULL),
(497, 17, 107084, 'Jordan', 'Archer', 'Jordan Archer', 'Goalkeeper', 'Goalkeeper', NULL, 57, 80, 180, NULL, NULL, 'Scotland', NULL),
(498, 17, 37742, 'Younes', 'Kaboul', 'Younes Kaboul', 'Defender', 'Central Defender', 'Centre/Right', 4, 75, 182, NULL, NULL, 'France', NULL),
(499, 17, 39194, 'Jan', 'Vertonghen', 'Jan Vertonghen', 'Defender', 'Central Defender', 'Centre', 5, 86, 189, NULL, NULL, 'Belgium', NULL),
(500, 17, 6254, 'William', 'Gallas', 'William Gallas', 'Defender', 'Central Defender', 'Centre', 13, 69, 181, NULL, NULL, 'France', NULL),
(501, 17, 49539, 'Kyle', 'Naughton', 'Kyle Naughton', 'Defender', 'Full Back', 'Left/Right', 16, 73, 175, NULL, NULL, 'England', NULL),
(502, 17, 12679, 'Michael', 'Dawson', 'Michael Dawson', 'Defender', 'Central Defender', 'Centre', 20, 76, 188, NULL, NULL, 'England', NULL),
(503, 17, 58621, 'Kyle', 'Walker', 'Kyle Walker', 'Defender', 'Full Back', 'Right', 28, 70, 178, NULL, NULL, 'England', NULL),
(504, 17, 28146, 'Benoit', 'Assou-Ekotto', 'Benoit Assou-Ekotto', 'Defender', 'Full Back', 'Left', 32, 69, 178, NULL, NULL, 'Cameroon', NULL),
(505, 17, 68815, 'Steven', 'Caulker', 'Steven Caulker', 'Defender', 'Central Defender', 'Centre', 33, 76, 191, NULL, NULL, 'England', NULL),
(506, 17, 106603, 'Ezekiel', 'Fryers', 'Ezekiel Fryers', 'Defender', 'Full Back', 'Left', 62, 75, 183, NULL, NULL, 'England', NULL),
(507, 17, 15109, 'Tom', 'Huddlestone', 'Tom Huddlestone', 'Midfielder', 'Central Midfielder', 'Centre', 6, 80, 180, NULL, NULL, 'England', NULL),
(508, 17, 17349, 'Aaron', 'Lennon', 'Aaron Lennon', 'Midfielder', 'Winger', 'Left/Right', 7, 63, 165, NULL, NULL, 'England', NULL),
(509, 17, 1411, 'Scott', 'Parker', 'Scott Parker', 'Midfielder', 'Central Midfielder', 'Centre', 8, 67, 170, NULL, NULL, 'England', NULL),
(510, 17, 36903, 'Gareth', 'Bale', 'Gareth Bale', 'Midfielder', 'Winger', 'Left', 11, 74, 183, NULL, NULL, 'Wales', NULL),
(511, 17, 39104, 'Mousa', 'Dembélé', 'Mousa Dembélé', 'Midfielder', 'Central Midfielder', 'Left/Centre', 19, 82, 185, NULL, NULL, 'Belgium', NULL),
(512, 17, 55422, 'Gylfi', 'Sigurdsson', 'Gylfi Sigurdsson', 'Midfielder', 'Attacking Midfielder', 'Left/Centre/Right', 22, 79, 186, NULL, NULL, 'Iceland', NULL),
(513, 17, 49318, 'Lewis', 'Holtby', 'Lewis Holtby', 'Midfielder', 'Attacking Midfielder', 'Centre/Right', 23, 72, 176, NULL, NULL, 'Germany', NULL),
(514, 17, 49944, 'Jake', 'Livermore', 'Jake Livermore', 'Midfielder', 'Central Midfielder', 'Centre', 29, 76, 180, NULL, NULL, 'England', NULL),
(515, 17, 52876, 'Sandro Ranieri', 'Guimarães Cordeiro', 'Sandro', 'Midfielder', 'Defensive Midfielder', 'Centre', 30, 75, 187, NULL, NULL, 'Brazil', NULL),
(516, 17, 81012, 'Ryan', 'Fredericks', 'Ryan Fredericks', 'Midfielder', 'Central Midfielder', 'Centre', 43, 80, 190, NULL, NULL, 'England', NULL),
(517, 17, 101623, 'Cristian', 'Ceballos', 'Cristian Ceballos', 'Midfielder', 'Attacking Midfielder', 'Left/Centre/Right', 44, 77, 182, NULL, NULL, 'Spain', NULL),
(518, 17, 93464, 'Thomas', 'Carroll', 'Thomas Carroll', 'Midfielder', 'Central Midfielder', 'Centre', 46, 71, 177, NULL, NULL, 'England', NULL),
(519, 17, 98695, 'Jake', 'Nicholson', 'Jake Nicholson', 'Midfielder', 'Attacking Midfielder', 'Right', 47, 73, 183, NULL, NULL, 'England', NULL),
(520, 17, 59032, 'Dean', 'Parrett', 'Dean Parrett', 'Midfielder', 'Central Midfielder', 'Centre', 58, 74, 179, NULL, NULL, 'England', NULL),
(521, 17, 20226, 'Clint', 'Dempsey', 'Clint Dempsey', 'Forward', 'Second Striker', 'Centre', 2, 77, 185, NULL, NULL, 'USA', NULL),
(522, 17, 17500, 'Emmanuel', 'Adebayor', 'Emmanuel Adebayor', 'Forward', 'Striker', 'Centre', 10, 82, 191, NULL, NULL, 'Togo', NULL),
(523, 17, 7958, 'Jermain', 'Defoe', 'Jermain Defoe', 'Forward', 'Striker', 'Centre', 18, 65, 170, NULL, NULL, 'England', NULL),
(524, 17, 156289, 'Shaquile', 'Coulthirst', 'Shaquile Coulthirst', 'Forward', 'Striker', 'Centre', 41, NULL, NULL, NULL, NULL, 'England', NULL),
(525, 17, 95703, 'Cameron', 'Lancaster', 'Cameron Lancaster', 'Forward', 'Striker', 'Centre', 53, 74, 184, NULL, NULL, 'England', NULL),
(526, 18, 9089, 'Ben', 'Foster', 'Ben Foster', 'Goalkeeper', 'Goalkeeper', NULL, 1, 79, 188, NULL, NULL, 'England', NULL),
(527, 18, 12086, 'Boaz', 'Myhill', 'Boaz Myhill', 'Goalkeeper', 'Goalkeeper', NULL, 13, 91, 191, NULL, NULL, 'Wales', NULL),
(528, 18, 38219, 'Luke', 'Daniels', 'Luke Daniels', 'Goalkeeper', 'Goalkeeper', NULL, 19, 81, 185, NULL, NULL, 'England', NULL),
(529, 18, 3332, 'Steven', 'Reid', 'Steven Reid', 'Defender', 'Full Back', 'Right', 2, 75, 180, NULL, NULL, 'Republic of Ireland', NULL),
(530, 18, 39253, 'Jonas', 'Olsson', 'Jonas Olsson', 'Defender', 'Central Defender', 'Centre', 3, 85, 195, NULL, NULL, 'Sweden', NULL),
(531, 18, 32388, 'Goran', 'Popov', 'Goran Popov', 'Defender', 'Full Back', 'Left', 4, 89, 189, NULL, NULL, 'Macedonia', NULL),
(532, 18, 14278, 'Liam', 'Ridgewell', 'Liam Ridgewell', 'Defender', 'Central Defender', 'Left/Centre', 6, 78, 188, NULL, NULL, 'England', NULL),
(533, 18, 19272, 'Gareth', 'McAuley', 'Gareth McAuley', 'Defender', 'Central Defender', 'Centre', 23, 70, 191, NULL, NULL, 'Northern Ireland', NULL),
(534, 18, 60232, 'Craig', 'Dawson', 'Craig Dawson', 'Defender', 'Central Defender', 'Centre', 25, 78, 188, NULL, NULL, 'England', NULL),
(535, 18, 11467, 'Billy', 'Jones', 'Billy Jones', 'Defender', 'Full Back', 'Right', 28, 77, 183, NULL, NULL, 'England', NULL),
(536, 18, 27348, 'Gabriel', 'Tamas', 'Gabriel Tamas', 'Defender', 'Central Defender', 'Centre', 30, 79, 188, NULL, NULL, 'Romania', NULL),
(537, 18, 114727, 'Liam', 'O''Neil', 'Liam O''Neil', 'Defender', 'Central Defender', 'Centre', 40, 80, 180, NULL, NULL, 'England', NULL),
(538, 18, 146339, 'Donervon', 'Daniels', 'Donervon Daniels', 'Defender', NULL, NULL, 42, 91, 186, NULL, NULL, 'Montserrat', NULL),
(539, 18, 55829, 'Claudio', 'Yacob', 'Claudio Yacob', 'Midfielder', 'Defensive Midfielder', 'Centre', 5, 77, 181, NULL, NULL, 'Argentina', NULL),
(540, 18, 18008, 'James', 'Morrison', 'James Morrison', 'Midfielder', 'Winger', 'Right', 7, 64, 178, NULL, NULL, 'Scotland', NULL),
(541, 18, 19151, 'Chris', 'Brunt', 'Chris Brunt', 'Midfielder', 'Attacking Midfielder', 'Left', 11, 84, 185, NULL, NULL, 'Northern Ireland', NULL),
(542, 18, 12765, 'Jerome', 'Thomas', 'Jerome Thomas', 'Midfielder', 'Winger', 'Left/Right', 14, 79, 178, NULL, NULL, 'England', NULL),
(543, 18, 79843, 'George', 'Thorne', 'George Thorne', 'Midfielder', 'Attacking Midfielder', 'Centre', 15, 83, 188, NULL, NULL, 'England', NULL),
(544, 18, 84508, 'Scott', 'Allan', 'Scott Allan', 'Midfielder', 'Central Midfielder', 'Centre', 16, 70, 175, NULL, NULL, 'Scotland', NULL),
(545, 18, 20141, 'Graham', 'Dorrans', 'Graham Dorrans', 'Midfielder', 'Central Midfielder', 'Centre', 17, 65, 175, NULL, NULL, 'Scotland', NULL),
(546, 18, 39895, 'Youssuf', 'Mulumbu', 'Youssuf Mulumbu', 'Midfielder', 'Defensive Midfielder', 'Centre', 21, 65, 177, NULL, NULL, 'DR Congo', NULL),
(547, 18, 18430, 'Zoltán', 'Gera', 'Zoltán Gera', 'Midfielder', 'Winger', 'Left/Right', 22, 71, 183, NULL, NULL, 'Hungary', NULL),
(548, 18, 98760, 'Kemar', 'Roofe', 'Kemar Roofe', 'Midfielder', 'Winger', 'Left/Right', 34, 71, 178, NULL, NULL, 'England', NULL),
(549, 18, 81132, 'Kayleden', 'Brown', 'Kayleden Brown', 'Midfielder', 'Winger', 'Left', 37, 80, 187, NULL, NULL, 'Wales', NULL),
(550, 18, 26806, 'Markus', 'Rosenberg', 'Markus Rosenberg', 'Forward', 'Striker', 'Centre', 8, 80, 185, NULL, NULL, 'Sweden', NULL),
(551, 18, 20452, 'Shane', 'Long', 'Shane Long', 'Forward', 'Striker', 'Centre', 9, 70, 178, NULL, NULL, 'Republic of Ireland', NULL),
(552, 18, 66749, 'Romelu', 'Lukaku', 'Romelu Lukaku', 'Forward', 'Striker', 'Centre', 20, 94, 190, NULL, NULL, 'Belgium', NULL),
(553, 18, 26900, 'Peter', 'Odemwingie', 'Peter Odemwingie', 'Forward', 'Striker', 'Centre', 24, 75, 182, NULL, NULL, 'Nigeria', NULL),
(554, 18, 14279, 'Marc-Antoine', 'Fortuné', 'Marc-Antoine Fortuné', 'Forward', 'Striker', 'Centre', 32, 81, 183, NULL, NULL, 'France', NULL),
(555, 18, 151069, 'Adil', 'Nabi', 'Adil Nabi', 'Forward', NULL, NULL, 36, 68, 172, NULL, NULL, 'England', NULL),
(556, 18, 91972, 'Saido', 'Berahino', 'Saido Berahino', 'Forward', 'Striker', 'Centre', 38, 77, 178, NULL, NULL, 'England', NULL),
(557, 18, 112516, 'Isaiah', 'Brown', 'Isaiah Brown', 'Forward', NULL, NULL, 43, 70, 182, NULL, NULL, 'England', NULL),
(558, 19, 42525, 'Stephen', 'Henderson', 'Stephen Henderson', 'Goalkeeper', 'Goalkeeper', NULL, 13, 87, 188, NULL, NULL, 'Republic of Ireland', NULL),
(559, 19, 1344, 'Jussi', 'Jääskeläinen', 'Jussi Jääskeläinen', 'Goalkeeper', 'Goalkeeper', NULL, 22, 81, 191, NULL, NULL, 'Finland', NULL),
(560, 19, 82257, 'Raphael', 'Spiegel', 'Raphael Spiegel', 'Goalkeeper', 'Goalkeeper', NULL, 30, 89, 197, NULL, NULL, 'Switzerland', NULL),
(561, 19, 48717, 'Winston', 'Reid', 'Winston Reid', 'Defender', 'Central Defender', 'Centre/Right', 2, 87, 190, NULL, NULL, 'New Zealand', NULL),
(562, 19, 5609, 'George', 'McCartney', 'George McCartney', 'Defender', 'Full Back', 'Left/Centre', 3, 69, 180, NULL, NULL, 'Northern Ireland', NULL),
(563, 19, 49413, 'James', 'Tomkins', 'James Tomkins', 'Defender', 'Central Defender', 'Centre', 5, 74, 191, NULL, NULL, 'England', NULL),
(564, 19, 19575, 'Joey', 'O''Brien', 'Joey O''Brien', 'Defender', 'Full Back', 'Right', 17, 70, 180, NULL, NULL, 'Republic of Ireland', NULL),
(565, 19, 10709, 'Emanuel', 'Pogatetz', 'Emanuel Pogatetz', 'Defender', 'Central Defender', 'Centre', 18, 90, 191, NULL, NULL, 'Austria', NULL),
(566, 19, 8380, 'James', 'Collins', 'James Collins', 'Defender', 'Central Defender', 'Centre', 19, 83, 188, NULL, NULL, 'Wales', NULL),
(567, 19, 10356, 'Guy', 'Demel', 'Guy Demel', 'Defender', 'Full Back', 'Right', 20, 88, 188, NULL, NULL, 'Côte d''Ivoire', NULL),
(568, 19, 51933, 'Jordan', 'Spence', 'Jordan Spence', 'Defender', 'Full Back', 'Right', 27, 72, 189, NULL, NULL, 'England', NULL),
(569, 19, 108411, 'Daniel', 'Potts', 'Daniel Potts', 'Defender', 'Central Defender', 'Left/Centre', 33, 76, 173, NULL, NULL, 'England', NULL),
(570, 19, 110140, 'Callum', 'Driver', 'Callum Driver', 'Defender', 'Full Back', 'Right', 41, 72, 174, NULL, NULL, 'England', NULL),
(571, 19, 137951, 'Leo', 'Chambers', 'Leo Chambers', 'Defender', 'Central Defender', 'Centre', 44, 83, 186, NULL, NULL, 'England', NULL),
(572, 19, 5306, 'Kevin', 'Nolan', 'Kevin Nolan', 'Midfielder', 'Attacking Midfielder', 'Centre', 4, 85, 183, NULL, NULL, 'England', NULL),
(573, 19, 18818, 'Matthew', 'Jarvis', 'Matthew Jarvis', 'Midfielder', 'Winger', 'Left/Right', 7, 70, 173, NULL, NULL, 'England', NULL),
(574, 19, 49414, 'Jack', 'Collison', 'Jack Collison', 'Midfielder', 'Central Midfielder', 'Left/Centre/Right', 10, 75, 183, NULL, NULL, 'Wales', NULL),
(575, 19, 3289, 'Matthew', 'Taylor', 'Matthew Taylor', 'Midfielder', 'Winger', 'Left', 14, 73, 178, NULL, NULL, 'England', NULL),
(576, 19, 18073, 'Mark', 'Noble', 'Mark Noble', 'Midfielder', 'Central Midfielder', 'Centre', 16, 70, 180, NULL, NULL, 'England', NULL),
(577, 19, 28147, 'Mohamed', 'Diamé', 'Mohamed Diamé', 'Midfielder', 'Defensive Midfielder', 'Centre', 21, 80, 184, NULL, NULL, 'Senegal', NULL),
(578, 19, 2060, 'Joe', 'Cole', 'Joe Cole', 'Midfielder', 'Attacking Midfielder', 'Left/Centre/Right', 26, 63, 175, NULL, NULL, 'England', NULL),
(579, 19, 5716, 'Gary', 'O''Neil', 'Gary O''Neil', 'Midfielder', 'Central Midfielder', 'Centre/Right', 32, 70, 173, NULL, NULL, 'England', NULL),
(580, 19, 129028, 'Matthias', 'Fanimo', 'Matthias Fanimo', 'Midfielder', 'Winger', 'Left/Right', 40, 71, 173, NULL, NULL, 'England', NULL),
(581, 19, 105320, 'George', 'Moncur', 'George Moncur', 'Midfielder', 'Central Midfielder', 'Centre', 42, 63, 176, NULL, NULL, 'England', NULL),
(582, 19, 88534, 'Sebastian', 'Lletget', 'Sebastian Lletget', 'Midfielder', 'Attacking Midfielder', 'Centre', 43, 69, 178, NULL, NULL, 'USA', NULL),
(583, 19, 40142, 'Andy', 'Carroll', 'Andy Carroll', 'Forward', 'Striker', 'Centre', 8, 79, 193, NULL, NULL, 'England', NULL),
(584, 19, 12799, 'Carlton', 'Cole', 'Carlton Cole', 'Forward', 'Striker', 'Centre', 9, 84, 191, NULL, NULL, 'England', NULL),
(585, 19, 42954, 'Modibo', 'Maiga', 'Modibo Maiga', 'Forward', 'Striker', 'Centre', 11, 76, 185, NULL, NULL, 'Mali', NULL),
(586, 19, 17353, 'Ricardo', 'Vaz Te', 'Ricardo Vaz Te', 'Forward', 'Second Striker', 'Left/Centre/Right', 12, 80, 189, NULL, NULL, 'Portugal', NULL),
(587, 19, 149794, 'Sean', 'Maguire', 'Sean Maguire', 'Forward', 'Striker', 'Centre', 24, 75, 175, NULL, NULL, 'Republic of Ireland', NULL),
(588, 19, 15675, 'Marouane', 'Chamakh', 'Marouane Chamakh', 'Forward', 'Striker', 'Centre', 29, 70, 185, NULL, NULL, 'Morocco', NULL),
(589, 19, 52419, 'Wellington', 'Pereira do Nascimento', 'Wellington Paulista', 'Forward', 'Striker', 'Centre', 31, 72, 183, NULL, NULL, 'Brazil', NULL),
(590, 19, 98465, 'Dylan', 'Tombides', 'Dylan Tombides', 'Forward', 'Striker', 'Centre', 39, 80, 180, NULL, NULL, 'Australia', NULL),
(591, 19, 93557, 'Paul', 'McCallum', 'Paul McCallum', 'Forward', 'Striker', 'Centre', 45, 63, 191, NULL, NULL, 'England', NULL),
(592, 19, 149485, 'Elliot', 'Lee', 'Elliot Lee', 'Forward', 'Striker', 'Centre', 47, 72, 180, NULL, NULL, 'England', NULL),
(593, 20, 78315, 'Joel', 'Robles', 'Joel Robles', 'Goalkeeper', 'Goalkeeper', NULL, 1, 90, 195, NULL, NULL, 'Spain', NULL),
(594, 20, 2521, 'Michael', 'Pollitt', 'Michael Pollitt', 'Goalkeeper', 'Goalkeeper', NULL, 12, 76, 193, NULL, NULL, 'England', NULL),
(595, 20, 28491, 'Ali', 'Al-Habsi', 'Ali Al-Habsi', 'Goalkeeper', 'Goalkeeper', NULL, 26, 80, 194, NULL, NULL, 'Oman', NULL),
(596, 20, 43035, 'Antolin', 'Alcaraz', 'Antolin Alcaraz', 'Defender', 'Central Defender', 'Centre', 3, 80, 184, NULL, NULL, 'Paraguay', NULL),
(597, 20, 11911, 'Gary', 'Caldwell', 'Gary Caldwell', 'Defender', 'Central Defender', 'Centre', 5, 74, 180, NULL, NULL, 'Scotland', NULL),
(598, 20, 3296, 'Emmerson', 'Boyce', 'Emmerson Boyce', 'Defender', 'Central Defender', 'Left/Centre/Right', 17, 73, 180, NULL, NULL, 'Barbados', NULL),
(599, 20, 17906, 'Iván', 'Ramis', 'Iván Ramis', 'Defender', 'Central Defender', 'Centre', 21, 82, 188, NULL, NULL, 'Spain', NULL),
(600, 20, 16234, 'Ronnie', 'Stam', 'Ronnie Stam', 'Defender', 'Full Back', 'Right', 23, 62, 175, NULL, NULL, 'Netherlands', NULL),
(601, 20, 48730, 'Adrián', 'López Rodríguez', 'Piscu', 'Defender', 'Central Defender', 'Centre', 24, 77, 184, NULL, NULL, 'Spain', NULL),
(602, 20, 74235, 'Roman', 'Golobart', 'Roman Golobart', 'Defender', 'Central Defender', 'Centre', 25, 87, 193, NULL, NULL, 'Spain', NULL),
(603, 20, 34285, 'Maynor', 'Figueroa', 'Maynor Figueroa', 'Defender', 'Full Back', 'Left', 31, 85, 182, NULL, NULL, 'Honduras', NULL),
(604, 20, 16210, 'Paul', 'Scharner', 'Paul Scharner', 'Defender', 'Central Defender', 'Centre', 33, 81, 191, NULL, NULL, 'Austria', NULL),
(605, 20, 92806, 'Adam', 'Buxton', 'Adam Buxton', 'Defender', 'Central Defender', 'Centre', 43, 81, 185, NULL, NULL, 'England', NULL),
(606, 20, 106458, 'Eduard', 'Campabadal', 'Eduard Campabadal', 'Defender', 'Full Back', 'Right', 44, 72, 177, NULL, NULL, 'Spain', NULL),
(607, 20, 50472, 'James', 'McCarthy', 'James McCarthy', 'Midfielder', 'Central Midfielder', 'Centre', 4, 72, 180, NULL, NULL, 'Republic of Ireland', NULL),
(608, 20, 19556, 'David', 'Jones', 'David Jones', 'Midfielder', 'Central Midfielder', 'Centre', 6, 80, 185, NULL, NULL, 'England', NULL),
(609, 20, 14469, 'Albert', 'Crusat', 'Albert Crusat', 'Midfielder', 'Winger', 'Left', 7, 65, 165, NULL, NULL, 'Spain', NULL),
(610, 20, 16045, 'Ben', 'Watson', 'Ben Watson', 'Midfielder', 'Central Midfielder', 'Centre', 8, 68, 178, NULL, NULL, 'England', NULL),
(611, 20, 9110, 'Shaun', 'Maloney', 'Shaun Maloney', 'Midfielder', 'Attacking Midfielder', 'Left/Centre/Right', 10, 69, 173, NULL, NULL, 'Scotland', NULL),
(612, 20, 50023, 'Jordi', 'Gómez García-Penche', 'Jordi Gómez', 'Midfielder', 'Central Midfielder', 'Centre', 14, 74, 178, NULL, NULL, 'Spain', NULL),
(613, 20, 50471, 'James', 'McArthur', 'James McArthur', 'Midfielder', 'Central Midfielder', 'Centre', 16, 64, 168, NULL, NULL, 'Scotland', NULL),
(614, 20, 50105, 'Roger', 'Espinoza', 'Roger Espinoza', 'Midfielder', 'Defensive Midfielder', 'Left/Centre', 18, 73, 181, NULL, NULL, 'Honduras', NULL),
(615, 20, 76227, 'Fraser', 'Fyvie', 'Fraser Fyvie', 'Midfielder', 'Central Midfielder', 'Left/Centre/Right', 20, 60, 172, NULL, NULL, 'Scotland', NULL),
(616, 20, 33298, 'Jean', 'Beausejour', 'Jean Beausejour', 'Midfielder', 'Winger', 'Left', 22, 84, 178, NULL, NULL, 'Chile', NULL),
(617, 20, 92803, 'Daniel', 'Redmond', 'Daniel Redmond', 'Midfielder', 'Wing Back', 'Left', 28, 67, 175, NULL, NULL, 'England', NULL),
(618, 20, 92372, 'Ryo', 'Miyaichi', 'Ryo Miyaichi', 'Midfielder', 'Winger', 'Left/Right', 32, 71, 183, NULL, NULL, 'Japan', NULL),
(619, 20, 124077, 'Ryan', 'Watson', 'Ryan Watson', 'Midfielder', 'Central Midfielder', 'Centre', 38, 73, 185, NULL, NULL, 'England', NULL),
(620, 20, 26921, 'Arouna', 'Koné', 'Arouna Koné', 'Forward', 'Striker', 'Centre', 2, 78, 182, NULL, NULL, 'Côte d''Ivoire', NULL),
(621, 20, 49724, 'Franco', 'Di Santo', 'Franco Di Santo', 'Forward', 'Striker', 'Centre', 9, 80, 193, NULL, NULL, 'Argentina', NULL),
(622, 20, 125510, 'Angelo', 'Henriquez', 'Angelo Henriquez', 'Forward', 'Striker', 'Centre', 11, 75, 181, NULL, NULL, 'Chile', NULL),
(623, 20, 61538, 'Callum', 'McManaman', 'Callum McManaman', 'Forward', 'Striker', 'Centre', 15, 74, 174, NULL, NULL, 'England', NULL),
(624, 20, 131288, 'Filip', 'Orsula', 'Filip Orsula', 'Forward', 'Striker', 'Centre', 35, 78, 183, NULL, NULL, 'Slovakia', NULL);

INSERT INTO `player_competition` (`id`, `player_id`, `competition_id`) VALUES
(625, 1, 1),
(626, 2, 1),
(627, 3, 1),
(628, 4, 1),
(629, 5, 1),
(630, 6, 1),
(631, 7, 1),
(632, 8, 1),
(633, 9, 1),
(634, 10, 1),
(635, 11, 1),
(636, 12, 1),
(637, 13, 1),
(638, 14, 1),
(639, 15, 1),
(640, 16, 1),
(641, 17, 1),
(642, 18, 1),
(643, 19, 1),
(644, 20, 1),
(645, 21, 1),
(646, 22, 1),
(647, 23, 1),
(648, 24, 1),
(649, 25, 1),
(650, 26, 1),
(651, 27, 1),
(652, 28, 1),
(653, 29, 1),
(654, 30, 1),
(655, 31, 1),
(656, 32, 1),
(657, 33, 1),
(658, 34, 1),
(659, 35, 1),
(660, 36, 1),
(661, 37, 1),
(662, 38, 1),
(663, 39, 1),
(664, 40, 1),
(665, 41, 1),
(666, 42, 1),
(667, 43, 1),
(668, 44, 1),
(669, 45, 1),
(670, 46, 1),
(671, 47, 1),
(672, 48, 1),
(673, 49, 1),
(674, 50, 1),
(675, 51, 1),
(676, 52, 1),
(677, 53, 1),
(678, 54, 1),
(679, 55, 1),
(680, 56, 1),
(681, 57, 1),
(682, 58, 1),
(683, 59, 1),
(684, 60, 1),
(685, 61, 1),
(686, 62, 1),
(687, 63, 1),
(688, 64, 1),
(689, 65, 1),
(690, 66, 1),
(691, 67, 1),
(692, 68, 1),
(693, 69, 1),
(694, 70, 1),
(695, 71, 1),
(696, 72, 1),
(697, 73, 1),
(698, 74, 1),
(699, 75, 1),
(700, 76, 1),
(701, 77, 1),
(702, 78, 1),
(703, 79, 1),
(704, 80, 1),
(705, 81, 1),
(706, 82, 1),
(707, 83, 1),
(708, 84, 1),
(709, 85, 1),
(710, 86, 1),
(711, 87, 1),
(712, 88, 1),
(713, 89, 1),
(714, 90, 1),
(715, 91, 1),
(716, 92, 1),
(717, 93, 1),
(718, 94, 1),
(719, 95, 1),
(720, 96, 1),
(721, 97, 1),
(722, 98, 1),
(723, 99, 1),
(724, 100, 1),
(725, 101, 1),
(726, 102, 1),
(727, 103, 1),
(728, 104, 1),
(729, 105, 1),
(730, 106, 1),
(731, 107, 1),
(732, 108, 1),
(733, 109, 1),
(734, 110, 1),
(735, 111, 1),
(736, 112, 1),
(737, 113, 1),
(738, 114, 1),
(739, 115, 1),
(740, 116, 1),
(741, 117, 1),
(742, 118, 1),
(743, 119, 1),
(744, 120, 1),
(745, 121, 1),
(746, 122, 1),
(747, 123, 1),
(748, 124, 1),
(749, 125, 1),
(750, 126, 1),
(751, 127, 1),
(752, 128, 1),
(753, 129, 1),
(754, 130, 1),
(755, 131, 1),
(756, 132, 1),
(757, 133, 1),
(758, 134, 1),
(759, 135, 1),
(760, 136, 1),
(761, 137, 1),
(762, 138, 1),
(763, 139, 1),
(764, 140, 1),
(765, 141, 1),
(766, 142, 1),
(767, 143, 1),
(768, 144, 1),
(769, 145, 1),
(770, 146, 1),
(771, 147, 1),
(772, 148, 1),
(773, 149, 1),
(774, 150, 1),
(775, 151, 1),
(776, 152, 1),
(777, 153, 1),
(778, 154, 1),
(779, 155, 1),
(780, 156, 1),
(781, 157, 1),
(782, 158, 1),
(783, 159, 1),
(784, 160, 1),
(785, 161, 1),
(786, 162, 1),
(787, 163, 1),
(788, 164, 1),
(789, 165, 1),
(790, 166, 1),
(791, 167, 1),
(792, 168, 1),
(793, 169, 1),
(794, 170, 1),
(795, 171, 1),
(796, 172, 1),
(797, 173, 1),
(798, 174, 1),
(799, 175, 1),
(800, 176, 1),
(801, 177, 1),
(802, 178, 1),
(803, 179, 1),
(804, 180, 1),
(805, 181, 1),
(806, 182, 1),
(807, 183, 1),
(808, 184, 1),
(809, 185, 1),
(810, 186, 1),
(811, 187, 1),
(812, 188, 1),
(813, 189, 1),
(814, 190, 1),
(815, 191, 1),
(816, 192, 1),
(817, 193, 1),
(818, 194, 1),
(819, 195, 1),
(820, 196, 1),
(821, 197, 1),
(822, 198, 1),
(823, 199, 1),
(824, 200, 1),
(825, 201, 1),
(826, 202, 1),
(827, 203, 1),
(828, 204, 1),
(829, 205, 1),
(830, 206, 1),
(831, 207, 1),
(832, 208, 1),
(833, 209, 1),
(834, 210, 1),
(835, 211, 1),
(836, 212, 1),
(837, 213, 1),
(838, 214, 1),
(839, 215, 1),
(840, 216, 1),
(841, 217, 1),
(842, 218, 1),
(843, 219, 1),
(844, 220, 1),
(845, 221, 1),
(846, 222, 1),
(847, 223, 1),
(848, 224, 1),
(849, 225, 1),
(850, 226, 1),
(851, 227, 1),
(852, 228, 1),
(853, 229, 1),
(854, 230, 1),
(855, 231, 1),
(856, 232, 1),
(857, 233, 1),
(858, 234, 1),
(859, 235, 1),
(860, 236, 1),
(861, 237, 1),
(862, 238, 1),
(863, 239, 1),
(864, 240, 1),
(865, 241, 1),
(866, 242, 1),
(867, 243, 1),
(868, 244, 1),
(869, 245, 1),
(870, 246, 1),
(871, 247, 1),
(872, 248, 1),
(873, 249, 1),
(874, 250, 1),
(875, 251, 1),
(876, 252, 1),
(877, 253, 1),
(878, 254, 1),
(879, 255, 1),
(880, 256, 1),
(881, 257, 1),
(882, 258, 1),
(883, 259, 1),
(884, 260, 1),
(885, 261, 1),
(886, 262, 1),
(887, 263, 1),
(888, 264, 1),
(889, 265, 1),
(890, 266, 1),
(891, 267, 1),
(892, 268, 1),
(893, 269, 1),
(894, 270, 1),
(895, 271, 1),
(896, 272, 1),
(897, 273, 1),
(898, 274, 1),
(899, 275, 1),
(900, 276, 1),
(901, 277, 1),
(902, 278, 1),
(903, 279, 1),
(904, 280, 1),
(905, 281, 1),
(906, 282, 1),
(907, 283, 1),
(908, 284, 1),
(909, 285, 1),
(910, 286, 1),
(911, 287, 1),
(912, 288, 1),
(913, 289, 1),
(914, 290, 1),
(915, 291, 1),
(916, 292, 1),
(917, 293, 1),
(918, 294, 1),
(919, 295, 1),
(920, 296, 1),
(921, 297, 1),
(922, 298, 1),
(923, 299, 1),
(924, 300, 1),
(925, 301, 1),
(926, 302, 1),
(927, 303, 1),
(928, 304, 1),
(929, 305, 1),
(930, 306, 1),
(931, 307, 1),
(932, 308, 1),
(933, 309, 1),
(934, 310, 1),
(935, 311, 1),
(936, 312, 1),
(937, 313, 1),
(938, 314, 1),
(939, 315, 1),
(940, 316, 1),
(941, 317, 1),
(942, 318, 1),
(943, 319, 1),
(944, 320, 1),
(945, 321, 1),
(946, 322, 1),
(947, 323, 1),
(948, 324, 1),
(949, 325, 1),
(950, 326, 1),
(951, 327, 1),
(952, 328, 1),
(953, 329, 1),
(954, 330, 1),
(955, 331, 1),
(956, 332, 1),
(957, 333, 1),
(958, 334, 1),
(959, 335, 1),
(960, 336, 1),
(961, 337, 1),
(962, 338, 1),
(963, 339, 1),
(964, 340, 1),
(965, 341, 1),
(966, 342, 1),
(967, 343, 1),
(968, 344, 1),
(969, 345, 1),
(970, 346, 1),
(971, 347, 1),
(972, 348, 1),
(973, 349, 1),
(974, 350, 1),
(975, 351, 1),
(976, 352, 1),
(977, 353, 1),
(978, 354, 1),
(979, 355, 1),
(980, 356, 1),
(981, 357, 1),
(982, 358, 1),
(983, 359, 1),
(984, 360, 1),
(985, 361, 1),
(986, 362, 1),
(987, 363, 1),
(988, 364, 1),
(989, 365, 1),
(990, 366, 1),
(991, 367, 1),
(992, 368, 1),
(993, 369, 1),
(994, 370, 1),
(995, 371, 1),
(996, 372, 1),
(997, 373, 1),
(998, 374, 1),
(999, 375, 1),
(1000, 376, 1),
(1001, 377, 1),
(1002, 378, 1),
(1003, 379, 1),
(1004, 380, 1),
(1005, 381, 1),
(1006, 382, 1),
(1007, 383, 1),
(1008, 384, 1),
(1009, 385, 1),
(1010, 386, 1),
(1011, 387, 1),
(1012, 388, 1),
(1013, 389, 1),
(1014, 390, 1),
(1015, 391, 1),
(1016, 392, 1),
(1017, 393, 1),
(1018, 394, 1),
(1019, 395, 1),
(1020, 396, 1),
(1021, 397, 1),
(1022, 398, 1),
(1023, 399, 1),
(1024, 400, 1),
(1025, 401, 1),
(1026, 402, 1),
(1027, 403, 1),
(1028, 404, 1),
(1029, 405, 1),
(1030, 406, 1),
(1031, 407, 1),
(1032, 408, 1),
(1033, 409, 1),
(1034, 410, 1),
(1035, 411, 1),
(1036, 412, 1),
(1037, 413, 1),
(1038, 414, 1),
(1039, 415, 1),
(1040, 416, 1),
(1041, 417, 1),
(1042, 418, 1),
(1043, 419, 1),
(1044, 420, 1),
(1045, 421, 1),
(1046, 422, 1),
(1047, 423, 1),
(1048, 424, 1),
(1049, 425, 1),
(1050, 426, 1),
(1051, 427, 1),
(1052, 428, 1),
(1053, 429, 1),
(1054, 430, 1),
(1055, 431, 1),
(1056, 432, 1),
(1057, 433, 1),
(1058, 434, 1),
(1059, 435, 1),
(1060, 436, 1),
(1061, 437, 1),
(1062, 438, 1),
(1063, 439, 1),
(1064, 440, 1),
(1065, 441, 1),
(1066, 442, 1),
(1067, 443, 1),
(1068, 444, 1),
(1069, 445, 1),
(1070, 446, 1),
(1071, 447, 1),
(1072, 448, 1),
(1073, 449, 1),
(1074, 450, 1),
(1075, 451, 1),
(1076, 452, 1),
(1077, 453, 1),
(1078, 454, 1),
(1079, 455, 1),
(1080, 456, 1),
(1081, 457, 1),
(1082, 458, 1),
(1083, 459, 1),
(1084, 460, 1),
(1085, 461, 1),
(1086, 462, 1),
(1087, 463, 1),
(1088, 464, 1),
(1089, 465, 1),
(1090, 466, 1),
(1091, 467, 1),
(1092, 468, 1),
(1093, 469, 1),
(1094, 470, 1),
(1095, 471, 1),
(1096, 472, 1),
(1097, 473, 1),
(1098, 474, 1),
(1099, 475, 1),
(1100, 476, 1),
(1101, 477, 1),
(1102, 478, 1),
(1103, 479, 1),
(1104, 480, 1),
(1105, 481, 1),
(1106, 482, 1),
(1107, 483, 1),
(1108, 484, 1),
(1109, 485, 1),
(1110, 486, 1),
(1111, 487, 1),
(1112, 488, 1),
(1113, 489, 1),
(1114, 490, 1),
(1115, 491, 1),
(1116, 492, 1),
(1117, 493, 1),
(1118, 494, 1),
(1119, 495, 1),
(1120, 496, 1),
(1121, 497, 1),
(1122, 498, 1),
(1123, 499, 1),
(1124, 500, 1),
(1125, 501, 1),
(1126, 502, 1),
(1127, 503, 1),
(1128, 504, 1),
(1129, 505, 1),
(1130, 506, 1),
(1131, 507, 1),
(1132, 508, 1),
(1133, 509, 1),
(1134, 510, 1),
(1135, 511, 1),
(1136, 512, 1),
(1137, 513, 1),
(1138, 514, 1),
(1139, 515, 1),
(1140, 516, 1),
(1141, 517, 1),
(1142, 518, 1),
(1143, 519, 1),
(1144, 520, 1),
(1145, 521, 1),
(1146, 522, 1),
(1147, 523, 1),
(1148, 524, 1),
(1149, 525, 1),
(1150, 526, 1),
(1151, 527, 1),
(1152, 528, 1),
(1153, 529, 1),
(1154, 530, 1),
(1155, 531, 1),
(1156, 532, 1),
(1157, 533, 1),
(1158, 534, 1),
(1159, 535, 1),
(1160, 536, 1),
(1161, 537, 1),
(1162, 538, 1),
(1163, 539, 1),
(1164, 540, 1),
(1165, 541, 1),
(1166, 542, 1),
(1167, 543, 1),
(1168, 544, 1),
(1169, 545, 1),
(1170, 546, 1),
(1171, 547, 1),
(1172, 548, 1),
(1173, 549, 1),
(1174, 550, 1),
(1175, 551, 1),
(1176, 552, 1),
(1177, 553, 1),
(1178, 554, 1),
(1179, 555, 1),
(1180, 556, 1),
(1181, 557, 1),
(1182, 558, 1),
(1183, 559, 1),
(1184, 560, 1),
(1185, 561, 1),
(1186, 562, 1),
(1187, 563, 1),
(1188, 564, 1),
(1189, 565, 1),
(1190, 566, 1),
(1191, 567, 1),
(1192, 568, 1),
(1193, 569, 1),
(1194, 570, 1),
(1195, 571, 1),
(1196, 572, 1),
(1197, 573, 1),
(1198, 574, 1),
(1199, 575, 1),
(1200, 576, 1),
(1201, 577, 1),
(1202, 578, 1),
(1203, 579, 1),
(1204, 580, 1),
(1205, 581, 1),
(1206, 582, 1),
(1207, 583, 1),
(1208, 584, 1),
(1209, 585, 1),
(1210, 586, 1),
(1211, 587, 1),
(1212, 588, 1),
(1213, 589, 1),
(1214, 590, 1),
(1215, 591, 1),
(1216, 592, 1),
(1217, 593, 1),
(1218, 594, 1),
(1219, 595, 1),
(1220, 596, 1),
(1221, 597, 1),
(1222, 598, 1),
(1223, 599, 1),
(1224, 600, 1),
(1225, 601, 1),
(1226, 602, 1),
(1227, 603, 1),
(1228, 604, 1),
(1229, 605, 1),
(1230, 606, 1),
(1231, 607, 1),
(1232, 608, 1),
(1233, 609, 1),
(1234, 610, 1),
(1235, 611, 1),
(1236, 612, 1),
(1237, 613, 1),
(1238, 614, 1),
(1239, 615, 1),
(1240, 616, 1),
(1241, 617, 1),
(1242, 618, 1),
(1243, 619, 1),
(1244, 620, 1),
(1245, 621, 1),
(1246, 622, 1),
(1247, 623, 1),
(1248, 624, 1);

INSERT INTO `prize` (`id`, `league_id`, `region_id`, `prize_title`, `prize_description`, `prize_image`, `post_win_title`, `post_win_description`, `post_win_image`) VALUES
(4, 7, 1, '2012-2013 Prize', '2012-2013 Cool British&nbsp;Prize', '/img/league/5192d2c0d7437.png', 'You won!', 'You won the Grand Prize!', '/img/league/5192d2c0d7d16.jpg'),
(5, 9, 1, '2013', '2013', '/img/league/519f812438394.png', '2013', '2013', '/img/league/519f812438df9.png');


INSERT INTO `match` (`id`, `competition_id`, `home_team_id`, `away_team_id`, `feeder_id`, `week`, `stadium_name`, `city_name`, `is_double_points`, `featured_prediction_id`, `featured_player_id`, `status`, `home_team_full_time_score`, `away_team_full_time_score`, `home_team_extra_time_score`, `away_team_extra_time_score`, `home_team_shootout_score`, `away_team_shootout_score`, `start_time`) VALUES
(1, 1, 4, 3, 442191, 20, 'Goodison Park', 'Liverpool', 0, NULL, NULL, 'FullTime', NULL, NULL, NULL, NULL, NULL, NULL, '2012-12-30 13:30:00'),
(2, 1, 9, 3, 442243, 25, 'St James'' Park', 'Newcastle', 0, NULL, NULL, 'FullTime', NULL, NULL, NULL, NULL, NULL, NULL, '2013-02-02 15:00:00'),
(3, 1, 19, 3, 442148, 15, 'Upton Park', 'London', 0, NULL, NULL, 'FullTime', NULL, NULL, NULL, NULL, NULL, NULL, '2012-12-01 12:45:00'),
(4, 1, 3, 7, 442120, 13, 'Stamford Bridge', 'London', 0, NULL, NULL, 'FullTime', NULL, NULL, NULL, NULL, NULL, NULL, '2012-11-25 16:00:00'),
(5, 1, 16, 3, 442095, 10, 'Liberty Stadium', 'Swansea', 0, NULL, NULL, 'FullTime', NULL, NULL, NULL, NULL, NULL, NULL, '2012-11-03 15:00:00'),
(6, 1, 17, 3, 442076, 8, 'White Hart Lane', 'London', 0, NULL, NULL, 'FullTime', NULL, NULL, NULL, NULL, NULL, NULL, '2012-10-20 12:45:00'),
(7, 1, 3, 13, 442159, 17, 'Stamford Bridge', 'London', 0, NULL, NULL, 'FullTime', NULL, NULL, NULL, NULL, NULL, NULL, '2013-01-16 19:45:00'),
(8, 1, 10, 3, 442184, 19, 'Carrow Road', 'Norwich', 0, NULL, NULL, 'FullTime', NULL, NULL, NULL, NULL, NULL, NULL, '2012-12-26 15:00:00'),
(9, 1, 3, 2, 442169, 18, 'Stamford Bridge', 'London', 0, NULL, NULL, 'FullTime', NULL, NULL, NULL, NULL, NULL, NULL, '2012-12-23 16:00:00'),
(10, 1, 6, 3, 442330, 34, 'Anfield', 'Liverpool', 0, NULL, NULL, 'PreMatch', NULL, NULL, NULL, NULL, NULL, NULL, '2013-06-21 16:00:00'),
(11, 1, 15, 3, 442155, 16, 'Stadium of Light', 'Sunderland', 0, NULL, NULL, 'FullTime', NULL, NULL, NULL, NULL, NULL, NULL, '2012-12-08 15:00:00'),
(12, 1, 3, 17, 442321, 33, 'Stamford Bridge', 'London', 0, NULL, NULL, 'PreMatch', NULL, NULL, NULL, NULL, NULL, NULL, '2013-07-08 19:45:00'),
(13, 1, 3, 19, 442290, 30, 'Stamford Bridge', 'London', 0, NULL, NULL, 'FullTime', NULL, NULL, NULL, NULL, NULL, NULL, '2013-03-17 16:00:00'),
(14, 1, 3, 18, 442270, 28, 'Stamford Bridge', 'London', 0, NULL, NULL, 'FullTime', NULL, NULL, NULL, NULL, NULL, NULL, '2013-03-02 15:00:00'),
(15, 1, 2, 3, 442360, 37, 'Villa Park', 'Birmingham', 0, NULL, NULL, 'PreMatch', NULL, NULL, NULL, NULL, NULL, NULL, '2013-07-11 12:45:00'),
(16, 1, 3, 20, 442250, 26, 'Stamford Bridge', 'London', 0, NULL, NULL, 'FullTime', NULL, NULL, NULL, NULL, NULL, NULL, '2013-02-09 15:00:00'),
(17, 1, 3, 10, 442059, 7, 'Stamford Bridge', 'London', 0, NULL, NULL, 'FullTime', NULL, NULL, NULL, NULL, NULL, NULL, '2012-10-06 15:00:00'),
(18, 1, 20, 3, 442008, 1, 'DW Stadium', 'Wigan', 0, NULL, NULL, 'FullTime', NULL, NULL, NULL, NULL, NULL, NULL, '2012-08-19 13:30:00'),
(19, 1, 5, 3, 442280, 29, 'Craven Cottage', 'London', 0, NULL, NULL, 'FullTime', NULL, NULL, NULL, NULL, NULL, NULL, '2013-04-17 20:00:00'),
(20, 1, 18, 3, 442117, 12, 'The Hawthorns', 'West Bromwich', 0, NULL, NULL, 'FullTime', NULL, NULL, NULL, NULL, NULL, NULL, '2012-11-17 15:00:00'),
(21, 1, 3, 4, 442369, 38, 'Stamford Bridge', 'London', 0, NULL, NULL, 'PreMatch', NULL, NULL, NULL, NULL, NULL, NULL, '2013-07-19 16:00:00'),
(22, 1, 3, 6, 442101, 11, 'Stamford Bridge', 'London', 0, NULL, NULL, 'FullTime', NULL, NULL, NULL, NULL, NULL, NULL, '2012-11-11 16:00:00'),
(23, 1, 3, 1, 442219, 23, 'Stamford Bridge', 'London', 0, NULL, NULL, 'FullTime', NULL, NULL, NULL, NULL, NULL, NULL, '2013-01-20 13:30:00'),
(24, 1, 3, 5, 442137, 14, 'Stamford Bridge', 'London', 0, NULL, NULL, 'FullTime', NULL, NULL, NULL, NULL, NULL, NULL, '2012-11-28 19:45:00'),
(25, 1, 1, 3, 442049, 6, 'Emirates Stadium', 'London', 0, NULL, NULL, 'FullTime', NULL, NULL, NULL, NULL, NULL, NULL, '2012-09-29 12:45:00'),
(26, 1, 3, 14, 442039, 5, 'Stamford Bridge', 'London', 0, NULL, NULL, 'FullTime', NULL, NULL, NULL, NULL, NULL, NULL, '2012-09-22 15:00:00'),
(27, 1, 3, 8, 442081, 9, 'Stamford Bridge', 'London', 0, NULL, NULL, 'FullTime', NULL, NULL, NULL, NULL, NULL, NULL, '2012-10-28 16:00:00'),
(28, 1, 13, 3, 442304, 31, 'The Friends Provident St Mary''s Stadium', 'Southampton', 0, NULL, NULL, 'FullTime', NULL, NULL, NULL, NULL, NULL, NULL, '2013-03-30 15:00:00'),
(29, 1, 11, 3, 442035, 4, 'Loftus Road', 'London', 0, NULL, NULL, 'FullTime', NULL, NULL, NULL, NULL, NULL, NULL, '2012-09-15 15:00:00'),
(30, 1, 8, 3, 442351, 36, 'Old Trafford', 'Manchester', 0, NULL, NULL, 'PreMatch', NULL, NULL, NULL, NULL, NULL, NULL, '2013-07-05 16:00:00'),
(31, 1, 3, 16, 442341, 35, 'Stamford Bridge', 'London', 0, NULL, NULL, 'PreMatch', NULL, NULL, NULL, NULL, NULL, NULL, '2013-06-28 15:00:00'),
(32, 1, 14, 3, 442217, 22, 'Britannia Stadium', 'Stoke', 0, NULL, NULL, 'FullTime', NULL, NULL, NULL, NULL, NULL, NULL, '2013-01-12 15:00:00'),
(33, 1, 3, 15, 442309, 32, 'Stamford Bridge', 'London', 0, NULL, NULL, 'FullTime', NULL, NULL, NULL, NULL, NULL, NULL, '2013-04-07 15:00:00'),
(34, 1, 7, 3, 442262, 27, 'Etihad Stadium', 'Manchester', 0, NULL, NULL, 'FullTime', NULL, NULL, NULL, NULL, NULL, NULL, '2013-02-24 13:30:00'),
(35, 1, 3, 9, 442010, 2, 'Stamford Bridge', 'London', 0, NULL, NULL, 'FullTime', NULL, NULL, NULL, NULL, NULL, NULL, '2012-08-25 17:30:00'),
(36, 1, 3, 11, 442199, 21, 'Stamford Bridge', 'London', 0, NULL, NULL, 'FullTime', NULL, NULL, NULL, NULL, NULL, NULL, '2013-01-02 19:45:00'),
(37, 1, 3, 12, 442019, 3, 'Stamford Bridge', 'London', 0, NULL, NULL, 'FullTime', NULL, NULL, NULL, NULL, NULL, NULL, '2012-08-22 19:45:00'),
(38, 1, 12, 3, 442234, 24, 'Madejski Stadium', 'Reading', 0, NULL, NULL, 'FullTime', NULL, NULL, NULL, NULL, NULL, NULL, '2013-01-30 20:00:00');

